test_type,direction,requirement,airtable_field,airtable_table,local_storage,source_or_calculation,outbound_field,write_phase,state,note
ALL,IN,Which job is this,IFET job number,IFET Projects,project_parents.name,Airtable read at import,-,n/a,OK,CLOSED 2026-09-08: POST /airtable/import via the shared create path; duplicate-safe on the mock-up
ALL,IN,Which job is this,Project name,IFET Projects,at_mirror_projects.project_name,Airtable read at import,-,n/a,OK,"CLOSED 2026-09-08: at_mirror_* tables exist, allowlisted; b9c1f60d4e27"
ALL,IN,Which specimen,Mock-up/specimen name,Mock-Ups/Specimens,projects.airtable_mockup_name,Airtable read at import,-,n/a,OK,CLOSED 2026-09-08: POST /airtable/import via the shared create path; duplicate-safe on the mock-up
ALL,IN,Which protocol,Protocol Name,Tests Protocols,at_mirror_protocols.protocol_name,Airtable read at import,-,n/a,OK,"CLOSED 2026-09-08: at_mirror_* tables exist, allowlisted; b9c1f60d4e27"
ALL,IN,Which section,Section Name,Protocol Sections,AirtableProtocolRef.airtable_section_name,Airtable read at import,Test Name,create,OK,CLOSED 2026-09-08: the importer populates it from the mirror
ALL,IN,What test is required,Requirement Code,Protocol Sections,at_mirror_sections.requirement_code,Airtable read at import,-,n/a,OK,"CLOSED 2026-09-08: at_mirror_* tables exist, allowlisted; b9c1f60d4e27"
ALL,IN,Is it required at all,Applicability,Protocol Sections,at_mirror_sections.applicability,Airtable read at import,-,n/a,OK,"CLOSED 2026-09-08: at_mirror_* tables exist, allowlisted; b9c1f60d4e27"
ALL,IN,How to read the value,Requirement Kind,Protocol Sections,(interpretation),Airtable read at import,-,n/a,OK,CLOSED 2026-09-08: airtable/requirements.validate refuses a kind/unit contradiction
ALL,IN,Unit of the requirement,Required Unit,Protocol Sections,(validation),Airtable read at import,-,n/a,OK,CLOSED 2026-09-08: airtable/requirements.validate refuses a kind/unit contradiction
ALL,OUT,Airtable record linkage,Airtable Project ID,LabOS Raw Data Table,projects.airtable_project_id,parent row traversal,Airtable Project ID,create,OK,CLOSED 2026-09-08: mapper covers all five types (mapping._TEST_ATTRS); round-tripped live in stage 5
ALL,OUT,Airtable record linkage,Airtable Mockup ID,LabOS Raw Data Table,projects.airtable_mockup_id,parent row traversal,Airtable Mockup ID,create,OK,CLOSED 2026-09-08: as above
ALL,OUT,Airtable record linkage,Airtable Protocol ID,LabOS Raw Data Table,AirtableProtocolRef.airtable_protocol_id,parent row traversal,Airtable Protocol ID,create,OK,CLOSED 2026-09-08: as above
ALL,OUT,Airtable record linkage,Airtable Section ID,LabOS Raw Data Table,AirtableProtocolRef.airtable_section_id,parent row traversal,Airtable Section ID,create,OK,CLOSED 2026-09-08: as above
ALL,OUT,Group attempts of one test,LabOS Test ID,LabOS Raw Data Table,test_results.labos_test_id,three allocators - see DG12,LabOS Test ID,create,OK,CLOSED 2026-09-08: one derived allocator; migration e5f3a71c8d92 normalises; retest sharing proven live
ALL,OUT,Merge key,LabOS Attempt ID,LabOS Raw Data Table,test_results.labos_attempt_id,uuid4 column default on any insert,LabOS Attempt ID,create,OK,Unique index; the Airtable upsert key
ALL,OUT,Which attempt,Attempt Number,LabOS Raw Data Table,test_results.trial_number,count()+1 / len(trials)+1,Attempt Number,create,OK,CLOSED 2026-09-08: UniqueConstraint(labos_test_id + trial_number) + insert_attempt retry; rehearsed on populated tables
ALL,OUT,Which workflow,Test Type,LabOS Raw Data Table,test_results.test_type,set at attempt creation,Test Type,create,OK,Contract option set
ALL,OUT,Execution state,Test Status,LabOS Raw Data Table,test_results.status,In Progress at create; Completed/Aborted at finish,Test Status,create+terminal,OK,Aborted goes on the wire as their spelling Abborted
ALL,OUT,Verdict placeholder,Test Result,LabOS Raw Data Table,test_results.test_result,Pending until review,Test Result,create+terminal+verdict,OK,Pending -> Passed/Failed/Inconclusive
ALL,OUT,Who ran it,Operator Name,LabOS Raw Data Table,test_results.operator_name,operator declared in the UI,Operator Name,create,OK,identity_assurance = declared; never authenticated
ALL,OUT,When it started,Testing Start Date,LabOS Raw Data Table,test_results.testing_start_date,server clock at POST /trials,Testing Start Date,create,OK,APPLIED 2026-09-06
ALL,OUT,When it ended,Testing End Date,LabOS Raw Data Table,test_results.testing_end_date,server clock at finish,Testing End Date,terminal,OK,APPLIED 2026-09-06
ALL,OUT,Completion instant,Test Date,LabOS Raw Data Table,test_results.testing_end_date,same instant as Testing End Date,Test Date,terminal,OK,Omitted while running; their automation derives the section date from it
ALL,OUT,Operator disposition,Testing Continued,LabOS Raw Data Table,test_results.testing_continued,explicit operator choice at finish,Testing Continued,terminal,OK,Never inferred from status
ALL,OUT,Who reviewed,LabOS Verdict By,LabOS Raw Data Table,test_results.verdict_by,reviewer declared at PUT /verdict,LabOS Verdict By,verdict,OK,APPLIED 2026-09-06; stored separately from operator
ALL,OUT,When reviewed,LabOS Verdict At,LabOS Raw Data Table,test_results.verdict_at,server clock at verdict,LabOS Verdict At,verdict,OK,APPLIED 2026-09-06
ALL,OUT,Retest needed,Retest Required,LabOS Raw Data Table,test_results.retest_required,reviewer boolean; null until review,Retest Required,verdict,OK,Nullable by design - never inferred false
ALL,OUT,Supersedes which attempt,Corrects Attempt ID,LabOS Raw Data Table,test_results.corrects_attempt_id,a correction route,Corrects Attempt ID,create,OK,"CLOSED 2026-09-08: POST /test-results/{id}/correct sets it. A correction is a new attempt naming the one it supersedes, reason required, original never edited. Refuses an open attempt, refuses while another attempt of the test is open, works on a finished test. 22 tests. Not deployed"
ALL,OUT,Why superseded,Correction Reason,LabOS Raw Data Table,test_results.correction_reason,a correction route,Correction Reason,create,OK,"CLOSED 2026-09-08: set by the same route, and required - attempts.as_correction refuses a blank reason, because a correction with no stated reason is indistinguishable downstream from a retest"
ALL,OUT,Evidence,LabOS Photos,LabOS Raw Data Table,test_photos (attempt + per-shot),operator upload; downscaled preview,LabOS Photos,attachment,OK,CLOSED 2026-09-08: preview + direct upload + returned id + reconciliation; live 31/31
ALL,OUT,Full detail,Complete LabOS JSON Response,LabOS Raw Data Table,derived at send time,envelope + mapping,Complete LabOS JSON Response,create+terminal+verdict,OK,BUILT 2026-09-08 by mapping.result_detail(); this row said OK before the builder existed
ALL,OUT,Revision time,LabOS Updated At,LabOS Raw Data Table,test_results.labos_updated_at,server clock per phase,LabOS Updated At,create+terminal+verdict,OK,CLOSED 2026-09-08: write_phase was 'every' which no worker dispatches; now create+terminal+verdict
STATIC,IN,Design pressure pair,Required Value Inward,Protocol Sections,projects.inward_design_pressure,Airtable pre-fill or operator entry,-,n/a,OK,CLOSED 2026-09-08: the importer populates it from the mirror
STATIC,IN,Design pressure pair,Required Value Outward,Protocol Sections,projects.outward_design_pressure,Airtable pre-fill or operator entry,-,n/a,OK,CLOSED 2026-09-08: the importer populates it from the mirror
STATIC,CALC,Six loading stages,(not in Airtable),-,static_tests.pressure/pressure_factor/duration,StaticTestPressureCalculator from the DP pair,-,n/a,OK,Verified: 60/45 -> [45.0 33.75 60 45 90.0 67.5]
STATIC,OUT,What was measured,Measured Value,LabOS Raw Data Table,-,NO SOURCE,Measured Value,terminal,UNMET-NO-SOURCE,A2 - firmware sends no measurement for static; omitted by decision
STATIC,OUT,Peak pressure reached,Max Pressure Achieved,LabOS Raw Data Table,-,on the MQTT bus; not persisted,Max Pressure Achieved,terminal,UNMET-NOT-PERSISTED,TC4 - a source exists; nothing subscribes and stores it
STATIC,OUT,Deflection,Deflection Value,LabOS Raw Data Table,deflections.max_deflection,raw SICK counts - uncalibrated,Deflection Value,terminal,UNMET-UNCALIBRATED,A3 quarantine; envelope refuses it in scalars and JSON
STATIC,OUT,Deflection unit,Deflection Unit,LabOS Raw Data Table,-,uncalibrated,Deflection Unit,terminal,UNMET-UNCALIBRATED,Short form in/mm when unblocked; never Inches
STATIC,LOCAL,Permanent set and recovery,(not in Airtable),-,deflections.permanent_deflection / .recovery,recovery is the recovery_time CONFIG CONSTANT (60s),-,n/a,UNMET-NOT-A-MEASUREMENT,Firmware audit 2026-08-31 - must never be published as an observation
CYCLIC,IN,Design pressure pair,Required Value Inward/Outward,Protocol Sections,projects.inward_design_pressure + projects.outward_design_pressure,as STATIC,-,n/a,OK,CLOSED 2026-09-08: the importer populates it from the mirror
CYCLIC,CALC,Eight cyclic stages,(not in Airtable),-,cyclic_tests.low_pressure/high_pressure/cycles,CyclicTestPressureCalculator from the DP pair,-,n/a,OK,Verified: 60/45 -> [30 36 48 60 45 36 27 22.5]
CYCLIC,OUT,Cycles required,Cycles Required,(not created),cyclic_tests.cycles,programme snapshot,JSON only,terminal,OK-JSON-ONLY,One of the nine JSON-only fields by decision 10.15
CYCLIC,OUT,Cycles completed,Cycles Completed,(not created),cyclic_tests.current_cycle,rig callback,JSON only,terminal,OK-JSON-ONLY,Same
CYCLIC,OUT,What was measured,Measured Value,LabOS Raw Data Table,-,NO SOURCE,Measured Value,terminal,UNMET-NO-SOURCE,A2 - same as static
IMPACT,IN,Missile specified,Missile Type,Protocol Sections,missile_impact_tests.missile,Airtable pre-fill or operator entry; nullable,-,n/a,OK,CLOSED 2026-09-08: the importer populates it from the mirror
IMPACT,IN,Missile mass,Missile Weight,Protocol Sections,missile_impact_tests.missile_weight,Airtable pre-fill or operator entry; nullable,-,n/a,OK,CLOSED 2026-09-08: the importer populates it from the mirror
IMPACT,IN,Target velocity,Impact Velocity,Protocol Sections,at_mirror_sections.impact_velocity,"REQUIREMENT: mirrored, validated, frozen in the requirement snapshot",-,n/a,GAP-NOT-SURFACED,"Corrected 2026-09-08: nothing writes the target to shots.velocity, which is the achieved per-impact value. The target is read into the mirror and frozen onto the attempt by requirements.snapshot, so it reaches the JSON — but it pre-fills no test column and the operator never sees it. Whether the target must be shown at the rig is a product-owner question, not a rename"
IMPACT,IN,How many impacts,Required Value,Protocol Sections,projects.impact_count,Airtable pre-fill or operator entry,-,n/a,OK,CLOSED 2026-09-08: the importer populates it from the mirror
IMPACT,OUT,Each impact is its own attempt row,Impact Number,LabOS Raw Data Table,test_results.trial_number,the impact ordinal; one attempt per impact,Impact Number,create,OK,"CLOSED 2026-09-08: applied to the Testing Base fldk52wf0SO9zYDjB, in contract.FIELDS as CONDITIONAL, and published by mapping.py for Impact only - the other four types omit the key so the cell is unset rather than 0. Migration c7e4a2b81f56 splits the 114 existing shots; rehearsed, not applied to the node"
IMPACT,LOCAL,Per-impact observations,(not in Airtable),-,shots.area/velocity/note,operator entry on the impact,JSON only,terminal,OK-JSON-ONLY,"Shot is kept one-per-attempt: it holds the observations the attempt has no column for, and test.shots still traverses the test so the production reports over 114 rows keep working"
IMPACT,OUT,Outcome of that one impact,Impact Result,LabOS Raw Data Table,test_results.test_result,derived from the single shot,Impact Result,terminal,OK,"CLOSED 2026-09-08: carries that impact's line - 'Pass - impact 3 resisted' - from attempt.trial_number, the authoritative ordinal. Stays in REQUIRED_BY_TEST_TYPE so the envelope still refuses a terminal Impact write without it. No total: impacts accrue one attempt at a time"
IMPACT,OUT,Per-impact photographs,LabOS Photos,LabOS Raw Data Table,test_photos.shot_id set,operator upload per impact,LabOS Photos,attachment,OK,CLOSED 2026-09-08: preview + direct upload + returned id + reconciliation; live 31/31
FORCED_ENTRY,IN,Grade judged against,Required Option,Protocol Sections,manual_tests.required_option,Airtable pre-fill or operator entry; free text,-,n/a,OK,CLOSED 2026-09-08: the importer populates it from the mirror
FORCED_ENTRY,OUT,Pass or fail,Forced Entry Result,(not created),test_results.result + .test_result,operator pass/fail then reviewer verdict,Test Result,terminal+verdict,OK-BY-DECISION,No dedicated scalar - Test Type and Test Result are both single-selects
FORCED_ENTRY,OUT,Failure detail,Failure Notes,(not created),test_results.note,operator entry,Notes + JSON,terminal,OK-BY-DECISION,Carried in Notes and JSON for this release
ANSI,IN,Class judged against,Required Option,Protocol Sections,manual_tests.required_option,Airtable pre-fill or operator entry; free text,-,n/a,OK,CLOSED 2026-09-08: the importer populates it from the mirror
ANSI,OUT,Pass or fail,ANSI Result,(not created),test_results.result + .test_result,operator pass/fail then reviewer verdict,Test Result,terminal+verdict,OK-BY-DECISION,Same as Forced Entry
GAUGE_COUNT,IN,How many gauges,Required Value,Protocol Sections,projects.gauge_count,Airtable pre-fill or operator entry,-,n/a,GAP-UNRECONCILED,DG6 - firmware takes selectedSensors[] live at MQTT start; a mismatch at start has no defined behaviour
WATER,IN,Water test pressure,Required Value,Protocol Sections,infiltration_tests (local only),operator entry,-,n/a,OUT-OF-SCOPE,Contract 0 defers water infiltration; no outbound mapping exists at all
ALL,OUT,Which rig ran it,Test Rig,(not created),test_results.test_rig,operator choice at import (projects.device_id),JSON only,create,OK-JSON-ONLY,One of the nine JSON-only fields
ALL,OUT,Software version,LabOS Version,(not created),build metadata,build metadata,JSON only,create,OK-JSON-ONLY,Same
ALL,OUT,Requirement snapshot,Required Value / Required Unit,(not created),programme snapshot,snapshot at run creation,JSON only,create,OK,"CLOSED 2026-09-08: at_mirror_* tables exist, allowlisted; b9c1f60d4e27"
ALL,OUT,Why aborted,Abort Reason,(not created),test_results.abort_reason,operator entry at abort,JSON only,terminal,OK-JSON-ONLY,Required on aborted executions
ALL,OUT,Review rationale,Result Rationale,(not created),test_results.result_rationale,reviewer entry,JSON only,verdict,OK-JSON-ONLY,Same
