airtable_table,airtable_table_id,airtable_field,field_id_testing,field_id_production,in_testing,in_production,airtable_type,choices,labos_use,direction,labos_source,write_phase,status,delivery_state,owner,rule
Back Charges,tbl0f2YxS3FHJ1dTD,Approval Status,fldfndhdC4ofYXQPz,fldfndhdC4ofYXQPz,yes,yes,singleSelect,Pending | Approved | Rejected | Needs Info,ignore,,,,,,,
Back Charges,tbl0f2YxS3FHJ1dTD,Approved By,fldz8k7GsgoakBlnh,fldz8k7GsgoakBlnh,yes,yes,singleLineText,,ignore,,,,,,,
Back Charges,tbl0f2YxS3FHJ1dTD,Back Charge Name,fldE3z03ghSFNjXzO,fldE3z03ghSFNjXzO,yes,yes,formula,,ignore,,,,,,,
Back Charges,tbl0f2YxS3FHJ1dTD,Billable Amount,fldilEtoCaxRkonpE,fldilEtoCaxRkonpE,yes,yes,formula,,ignore,,,,,,,
Back Charges,tbl0f2YxS3FHJ1dTD,Charge Type,fldjXiyArEKsYJBju,fldjXiyArEKsYJBju,yes,yes,singleSelect,Materials | Equipment Rental | Delivery | Labor | Retest | Storage | Other,ignore,,,,,,,
Back Charges,tbl0f2YxS3FHJ1dTD,Date Incurred,fldLa3GEhUqHeQJJH,fldLa3GEhUqHeQJJH,yes,yes,date,,ignore,,,,,,,
Back Charges,tbl0f2YxS3FHJ1dTD,Description,fldlI36CjI7knVABZ,fldlI36CjI7knVABZ,yes,yes,multilineText,,ignore,,,,,,,
Back Charges,tbl0f2YxS3FHJ1dTD,IFET Job Number,fldcTkX1jo4kOyU0P,fldcTkX1jo4kOyU0P,yes,yes,multipleRecordLinks,,ignore,,,,,,,
Back Charges,tbl0f2YxS3FHJ1dTD,Internal Cost,fldvFuWbhl4oJazCk,fldvFuWbhl4oJazCk,yes,yes,currency,,ignore,,,,,,,
Back Charges,tbl0f2YxS3FHJ1dTD,Markup %,fldHVsz04mW0tRnWP,fldHVsz04mW0tRnWP,yes,yes,percent,,ignore,,,,,,,
Back Charges,tbl0f2YxS3FHJ1dTD,QuickBooks Invoice Number,fldiLBGNgNhIMxrSh,fldiLBGNgNhIMxrSh,yes,yes,multipleLookupValues,,ignore,,,,,,,
Back Charges,tbl0f2YxS3FHJ1dTD,Receipt / Vendor Invoice,fldODHRjWytwEQXv3,fldODHRjWytwEQXv3,yes,yes,url,,ignore,,,,,,,
Back Charges,tbl0f2YxS3FHJ1dTD,Vendor,fld62eDADnlh3evUX,fld62eDADnlh3evUX,yes,yes,singleLineText,,ignore,,,,,,,
IFET Projects,tblLYcRC7q6Srjfk3,Approve To Create Invoice,fldf8Yk3YsLdO9FZc,fldf8Yk3YsLdO9FZc,yes,yes,singleSelect,Not Approved | Approved,ignore,,,,,,,
IFET Projects,tblLYcRC7q6Srjfk3,Approved Proposal Amount,fldBXKfp45g990C6n,fldBXKfp45g990C6n,yes,yes,currency,,ignore,,,,,,,
IFET Projects,tblLYcRC7q6Srjfk3,Back Charges,fldHVvyKTR1AZA36C,fldHVvyKTR1AZA36C,yes,yes,multipleRecordLinks,,ignore,,,,,,,
IFET Projects,tblLYcRC7q6Srjfk3,Back Charges Billable Amount,fldpiD7QoloFt3ziT,fldpiD7QoloFt3ziT,yes,yes,rollup,,ignore,,,,,,,
IFET Projects,tblLYcRC7q6Srjfk3,Back Charges Status,fldfgNcT03v4TZrNE,fldfgNcT03v4TZrNE,yes,yes,multipleLookupValues,,ignore,,,,,,,
IFET Projects,tblLYcRC7q6Srjfk3,Balance Due,fld1Chl7INLTGs6Cj,fld1Chl7INLTGs6Cj,yes,yes,currency,,ignore,,,,,,,
IFET Projects,tblLYcRC7q6Srjfk3,Company,fldHv1MxlLTBsYIE1,fldHv1MxlLTBsYIE1,yes,yes,singleLineText,,ignore,,,,,,,
IFET Projects,tblLYcRC7q6Srjfk3,Contact email,fldJKbExQdoLlV13V,fldJKbExQdoLlV13V,yes,yes,email,,ignore,,,,,,,
IFET Projects,tblLYcRC7q6Srjfk3,Customer Name,fld5T069KEywPp5F4,fld5T069KEywPp5F4,yes,yes,singleLineText,,ignore,,,,,,,
IFET Projects,tblLYcRC7q6Srjfk3,Final Invoice Status,fldGu1onl7NMJ4Ay2,fldGu1onl7NMJ4Ay2,yes,yes,singleSelect,Not Created | Draft | Sent | Partially Paid | Paid,ignore,,,,,,,
IFET Projects,tblLYcRC7q6Srjfk3,Hubspot Deal ID,fldXifux2uAphjFTO,fldXifux2uAphjFTO,yes,yes,singleLineText,,ignore,,,,,,,
IFET Projects,tblLYcRC7q6Srjfk3,Hubspot Deal Stage,fldNLM91Jg2fIST6C,fldNLM91Jg2fIST6C,yes,yes,singleLineText,,ignore,,,,,,,
IFET Projects,tblLYcRC7q6Srjfk3,IFET job number,fldZa91p5KebdT6q2,fldZa91p5KebdT6q2,yes,yes,singleLineText,,read,IN,project_parents.name,n/a,DECIDED,BASELINE,Airtable,"Display only. Linkage is by record ID, never by job name."
IFET Projects,tblLYcRC7q6Srjfk3,Mock-Ups/Specimens 2,fldnV9a0Z5AKKHYaa,fldnV9a0Z5AKKHYaa,yes,yes,multipleRecordLinks,,ignore,,,,,,,
IFET Projects,tblLYcRC7q6Srjfk3,Mock-Ups/Specimens 3,flde9nEuoGsWTHm0G,flde9nEuoGsWTHm0G,yes,yes,multipleRecordLinks,,ignore,,,,,,,
IFET Projects,tblLYcRC7q6Srjfk3,Product Type,fldR3PaaTo9BIjmSO,fldR3PaaTo9BIjmSO,yes,yes,singleLineText,,ignore,IGNORED,mirror.product_type,n/a,DECIDED,BASELINE,Airtable,"Product context only; no billing/customer fields. LabOS executes standalone, so this is not read: the operator sets the test up in LabOS as today and no Airtable value reaches a rig. Field retained in both bases. Decision A9, 2026-09-06."
IFET Projects,tblLYcRC7q6Srjfk3,Project Lead,fldba1J8C6ev5wmU8,fldba1J8C6ev5wmU8,yes,yes,singleLineText,,ignore,,,,,,,
IFET Projects,tblLYcRC7q6Srjfk3,Project Priority,fldowoytqlZdhuChX,fldowoytqlZdhuChX,yes,yes,singleLineText,,ignore,,,,,,,
IFET Projects,tblLYcRC7q6Srjfk3,Project Status,fldYpIwi0DcgVAjSB,fldYpIwi0DcgVAjSB,yes,yes,singleSelect,Completed | Cancelled | In Progress | Pending,ignore,,,,,,,
IFET Projects,tblLYcRC7q6Srjfk3,Project Status Modified Time,fld2bJ2UQUoWrlQSu,fld2bJ2UQUoWrlQSu,yes,yes,lastModifiedTime,,ignore,IGNORED,-,n/a,DECIDED,BASELINE,Airtable,"Field-scoped to Project Status only. NOT usable as a delta-poll cursor. LabOS executes standalone, so this is not read: the operator sets the test up in LabOS as today and no Airtable value reaches a rig. Field retained in both bases. Decision A9, 2026-09-06."
IFET Projects,tblLYcRC7q6Srjfk3,Project name,fldXOI9t0N8oP4FLy,fldXOI9t0N8oP4FLy,yes,yes,singleLineText,,read,IN,mirror.project_name,n/a,DECIDED,BASELINE,Airtable,Display only.
IFET Projects,tblLYcRC7q6Srjfk3,Proposal/Signed Approval Link,fldSxZvcL0q2dsUZs,fldSxZvcL0q2dsUZs,yes,yes,url,,ignore,,,,,,,
IFET Projects,tblLYcRC7q6Srjfk3,Protocol Sections,fldrrcKHQYOuKVPXc,fldrrcKHQYOuKVPXc,yes,yes,multipleRecordLinks,,ignore,,,,,,,
IFET Projects,tblLYcRC7q6Srjfk3,QuickBooks Invoice Date,fldwxvUo1sfjbilui,fldwxvUo1sfjbilui,yes,yes,dateTime,,ignore,,,,,,,
IFET Projects,tblLYcRC7q6Srjfk3,QuickBooks Invoice ID,fldLCY5LrgaE48XZR,fldLCY5LrgaE48XZR,yes,yes,singleLineText,,ignore,,,,,,,
IFET Projects,tblLYcRC7q6Srjfk3,QuickBooks Invoice Number,fldCY1r37TzUNlqxd,fldCY1r37TzUNlqxd,yes,yes,singleLineText,,ignore,,,,,,,
IFET Projects,tblLYcRC7q6Srjfk3,Read Project Info For LabOS,fldY2C1Q0Yk4VDtUg,fldY2C1Q0Yk4VDtUg,yes,yes,singleLineText,,ignore,,,,,,,
IFET Projects,tblLYcRC7q6Srjfk3,Reason For Not Approval For Invoice,fldyWaBcjIm9bBVeH,fldyWaBcjIm9bBVeH,yes,yes,formula,,ignore,,,,,,,
IFET Projects,tblLYcRC7q6Srjfk3,Remaining Amount,fld1YUsbCOwYAl3b7,fld1YUsbCOwYAl3b7,yes,yes,formula,,ignore,,,,,,,
IFET Projects,tblLYcRC7q6Srjfk3,Report Status,fld1sTdXmRO5ZNTik,fld1sTdXmRO5ZNTik,yes,yes,singleSelect,Ready | In Progress | Pending,ignore,,,,,,,
IFET Projects,tblLYcRC7q6Srjfk3,Service line,fldYipGKCSMD6jiCR,fldYipGKCSMD6jiCR,yes,yes,singleLineText,,ignore,,,,,,,
IFET Projects,tblLYcRC7q6Srjfk3,Target Completion Date,flduHyuVRhtMfJTTM,flduHyuVRhtMfJTTM,yes,yes,multipleLookupValues,,ignore,,,,,,,
IFET Projects,tblLYcRC7q6Srjfk3,Target Testing Date,fldBnWcEQKLAJGxdC,fldBnWcEQKLAJGxdC,yes,yes,multipleLookupValues,,ignore,,,,,,,
IFET Projects,tblLYcRC7q6Srjfk3,Tests Protocols,fldL4kUzCrbtJeU56,fldL4kUzCrbtJeU56,yes,yes,multipleRecordLinks,,ignore,,,,,,,
IFET Projects,tblLYcRC7q6Srjfk3,Wall Scheduling/Reservation,fldaYynjl8ptNVzXS,fldaYynjl8ptNVzXS,yes,yes,multipleRecordLinks,,ignore,,,,,,,
IFET Projects,tblLYcRC7q6Srjfk3,record_id,,,no,no,-,,not-a-field,IN,project_parents.airtable_project_id,n/a,DECIDED,BASELINE,Airtable,"Airtable record metadata, not a schema field. Import/mirror identity is unique by base_id + record ID; display names never match identity."
LabOS Raw Data Table,tblnc9SsbXU0C0FWh,(delivery metadata),,,no,no,-,,not-a-field,LOCAL_ONLY,sync_outbox.attempt_seq,every,DECIDED,PLANNED,LabOS,"Local ordering metadata, never an Airtable schema field or payload. Transactional per-attempt FIFO; PostgreSQL migration and validation pending. Contract section 7."
LabOS Raw Data Table,tblnc9SsbXU0C0FWh,ANSI Result,,,no,no,singleSelect,,write,OUT,run.ansi_result,terminal+verdict,DECIDED,OMITTED,LabOS,No dedicated scalar; decided together with Forced Entry Result. DG8 closed by A9.
LabOS Raw Data Table,tblnc9SsbXU0C0FWh,Airtable Mockup ID,fldV0IzvUSnmlVKC3,fldV0IzvUSnmlVKC3,yes,yes,singleLineText,,write,OUT,projects.airtable_mockup_id,create,DECIDED,BASELINE,LabOS,Permanent specimen record ID from imported hierarchy; repeats across runs. Imported specimen unique by base_id + record ID.
LabOS Raw Data Table,tblnc9SsbXU0C0FWh,Airtable Project ID,fldgIIL715TrhyvKE,fldgIIL715TrhyvKE,yes,yes,singleLineText,,write,OUT,project_parents.airtable_project_id,create,DECIDED,BASELINE,LabOS,Permanent job record ID from imported hierarchy. Repeats across specimens and runs.
LabOS Raw Data Table,tblnc9SsbXU0C0FWh,Airtable Protocol ID,fldVPHPXqlPGnBUSB,fldVPHPXqlPGnBUSB,yes,yes,singleLineText,,write,OUT,programme.airtable_protocol_id,create,DECIDED,BASELINE,LabOS,Permanent record ID. REPEATS across sections of one protocol.
LabOS Raw Data Table,tblnc9SsbXU0C0FWh,Airtable Section ID,fld0dex9BWVQzgRLS,fld0dex9BWVQzgRLS,yes,yes,singleLineText,,write,OUT,programme.airtable_section_id,create,DECIDED,BASELINE,LabOS,Primary section for the programme. Repeats across stages/runs; run UUID is the outbound merge key.
LabOS Raw Data Table,tblnc9SsbXU0C0FWh,Attempt Number,fldyQpMOaSdWzO7xR,fldyQpMOaSdWzO7xR,yes,yes,number,,write,OUT,test_programme_runs.attempt_number,create,DECIDED,BASELINE,LabOS,"Run ordinal for the programme. Never a stage index, never an impact ordinal."
LabOS Raw Data Table,tblnc9SsbXU0C0FWh,Complete LabOS JSON Response,fldeG1iA6TVWOSi0T,fldeG1iA6TVWOSi0T,yes,yes,multilineText,,write,OUT,result_detail + required_params,create+terminal+verdict,DECIDED,BASELINE,LabOS,"Version 0.4; identity, attempt_kind, execution times, snapshot, procedure/stages, observations, review, data_quality. No quarantined numbers."
LabOS Raw Data Table,tblnc9SsbXU0C0FWh,Correction Reason,fldCh0DXyvROqZBaJ,fldrrmBxxwfIOrXEa,yes,yes,multilineText,,write,OUT,run.correction_reason,create,DECIDED,BASELINE,LabOS,Required on a new correction row alongside Corrects Attempt ID.
LabOS Raw Data Table,tblnc9SsbXU0C0FWh,Corrects Attempt ID,fldV4ucQNEA0gYfMc,,yes,no,singleLineText,,write,OUT,test_programme_runs.corrects_attempt_id,create,DECIDED,APPLIED,LabOS,Required on a new correction row; references original UUID. Never update original or disguise correction as retest.
LabOS Raw Data Table,tblnc9SsbXU0C0FWh,Deflection Unit,fldvZMcxhm9R9Lzg7,fldvZMcxhm9R9Lzg7,yes,yes,singleLineText,,write,OUT,run.deflection_unit,terminal,DECIDED,OMITTED,LabOS,"OMITTED. When unblocked: short form in / mm, never Inches. Contract 10.24."
LabOS Raw Data Table,tblnc9SsbXU0C0FWh,Deflection Value,fldg21XOFDAKWvUZx,fldg21XOFDAKWvUZx,yes,yes,number,,write,OUT,run.deflection_value,terminal,DECIDED,OMITTED,LabOS,Omitted; v0.4 envelope must reject quarantined values in scalars and JSON. Evidence retained locally. Validation not yet implemented.
LabOS Raw Data Table,tblnc9SsbXU0C0FWh,Excel File Link,fldQAF1pExVQ9Xe6O,fldQAF1pExVQ9Xe6O,yes,yes,url,,write,OUT,run.excel_file_link,terminal,DECIDED,CONDITIONAL,LabOS,Optional validated reachable URL. Omit localhost/LAN/unconfigured links; validate consumer access before publishing.
LabOS Raw Data Table,tblnc9SsbXU0C0FWh,Failure Notes,,,no,no,multilineText,,write,OUT,run.failure_note,terminal,DECIDED,OMITTED,LabOS,Carried inside Notes and the JSON for this release. DG8 closed by A9.
LabOS Raw Data Table,tblnc9SsbXU0C0FWh,Forced Entry Result,,,no,no,singleSelect,,write,OUT,run.forced_entry_result,terminal+verdict,DECIDED,OMITTED,LabOS,"No dedicated scalar. Test Type and Test Result are both singleSelect, so Airtable filters and groups natively; sub-detail stays in JSON. DG8 closed by A9. Revisit only if a named operational report requires one."
LabOS Raw Data Table,tblnc9SsbXU0C0FWh,Impact Result,flda24C2M2tWyXEdb,flda24C2M2tWyXEdb,yes,yes,singleLineText,,write,OUT,derived from impact_shots roll-up,terminal,DECIDED,BASELINE,LabOS,Roll-up summary only. Per-shot detail goes to Complete LabOS JSON Response.
LabOS Raw Data Table,tblnc9SsbXU0C0FWh,LabOS Attempt ID,fldDu6er95KG2pOrG,fldDu6er95KG2pOrG,yes,yes,singleLineText,,write,OUT,test_programme_runs.labos_attempt_id,create,DECIDED,BASELINE,LabOS,Persisted programme-run UUID; unique merge key on every phase/retry. Stages have separate child IDs. Contract section 2.
LabOS Raw Data Table,tblnc9SsbXU0C0FWh,LabOS Created At,fldJYqMAdKP7v0zCU,fldJYqMAdKP7v0zCU,yes,yes,dateTime,,write,OUT,run.labos_created_at,create,DECIDED,BASELINE,LabOS,UTC.
LabOS Raw Data Table,tblnc9SsbXU0C0FWh,LabOS Photos,fldsEfhtH9wXPAl1Y,,yes,no,multipleAttachments,,write,OUT,uploads/ downscaled copy,attachment,DECIDED,APPLIED,LabOS,"Persisted immutable JPEG preview; artifact ID/full hash/deterministic filename. Single owner; reconcile uncertain remote uploads, park ambiguity instead of blind append."
LabOS Raw Data Table,tblnc9SsbXU0C0FWh,LabOS Report Link,fldfewhrzgMnmAmU3,fldfewhrzgMnmAmU3,yes,yes,url,,write,OUT,run.report_link,terminal,DECIDED,CONDITIONAL,LabOS,Optional validated reachable URL. Omit localhost/LAN/unconfigured links; validate consumer access before publishing.
LabOS Raw Data Table,tblnc9SsbXU0C0FWh,LabOS Test ID,fldQWGjD0gQ4WwPbh,fldQWGjD0gQ4WwPbh,yes,yes,singleLineText,,write,OUT,test_programmes.labos_test_id (via run.programme_id),create,DECIDED,BASELINE,LabOS,Stable programme UUID shared by runs. Linked programme uniqueness: specimen_id + primary_section_id + test_type. Not correction linkage.
LabOS Raw Data Table,tblnc9SsbXU0C0FWh,LabOS Updated At,fldmqwik5SKFHRVqd,fldmqwik5SKFHRVqd,yes,yes,dateTime,,write,OUT,run.labos_updated_at,every,DECIDED,BASELINE,LabOS,"UTC domain revision time. Audit metadata, not remote compare-and-swap. FIFO uses attempt_seq."
LabOS Raw Data Table,tblnc9SsbXU0C0FWh,LabOS Verdict At,fldqCkqAh7aTckxSR,,yes,no,dateTime,,write,OUT,run.verdict_at,verdict,DECIDED,APPLIED,LabOS,UTC first-review timestamp. Required with first review in scalars and detailed JSON; missing schema parks delivery.
LabOS Raw Data Table,tblnc9SsbXU0C0FWh,LabOS Verdict By,fldVedw9cOgne8UeX,,yes,no,singleLineText,,write,OUT,run.verdict_by,verdict,DECIDED,APPLIED,LabOS,Declared reviewer identity. Required with first review in scalars and detailed JSON; missing schema parks delivery.
LabOS Raw Data Table,tblnc9SsbXU0C0FWh,Max Pressure Achieved,fldDZkfaE2T4bFZ8C,fldDZkfaE2T4bFZ8C,yes,yes,number,,write,OUT,-,terminal,DECIDED,OMITTED,LabOS,"NO SOURCE. Firmware sends no pressure; static pressure is an open-loop operator slider, so the configured setpoint is not an achieved value. Omitted from the payload."
LabOS Raw Data Table,tblnc9SsbXU0C0FWh,Measured Value,fld0kER3p3ogmmP2L,fld0kER3p3ogmmP2L,yes,yes,number,,write,OUT,run.measured_value,terminal,DECIDED,CONDITIONAL,LabOS,"Omit for rig Static Load/Cycles. Manual observations require genuine value, quantity, declared unit and source; never a target."
LabOS Raw Data Table,tblnc9SsbXU0C0FWh,Notes,fldH5IvnQ0rL1xQRm,fldH5IvnQ0rL1xQRm,yes,yes,multilineText,,write,OUT,run.note,terminal,DECIDED,BASELINE,LabOS,Operator free text.
LabOS Raw Data Table,tblnc9SsbXU0C0FWh,Operator Name,fldNHIHKq4xPvYhzX,fldNHIHKq4xPvYhzX,yes,yes,singleLineText,,write,OUT,run.operator_name,create,DECIDED,BASELINE,LabOS,"Declared identity, selected per session, snapshotted per attempt. No authentication behind it."
LabOS Raw Data Table,tblnc9SsbXU0C0FWh,Photos,fld01SK9bnkTd9s29,fld01SK9bnkTd9s29,yes,yes,url,,write,OUT,run.photo_links,terminal,DECIDED,CONDITIONAL,LabOS,Optional reachable URL only. Omit localhost/LAN/unconfigured links. Photos holds at most one URL; originals retained locally.
LabOS Raw Data Table,tblnc9SsbXU0C0FWh,Raw Modified Time,fldKxp708fktN57aH,fldKxp708fktN57aH,yes,yes,lastModifiedTime,,read-only,READ_ONLY,-,n/a,DECIDED,BASELINE,Airtable,"Airtable-owned. Never written by LabOS. Field-scoped, not whole-record."
LabOS Raw Data Table,tblnc9SsbXU0C0FWh,Retest Required,fldBDTojy4Qk3LssD,fldBDTojy4Qk3LssD,yes,yes,checkbox,,write,OUT,run.retest_required,verdict,DECIDED,BASELINE,LabOS,Explicit with first review. A blank/false checkbox before review is not a decision that no retest is needed.
LabOS Raw Data Table,tblnc9SsbXU0C0FWh,Schema Version,fldB8gHb2a5guxm7g,fldB8gHb2a5guxm7g,yes,yes,singleLineText,,write,OUT,run.schema_version,create,DECIDED,BASELINE,LabOS,"Literal 0.4, matching detailed JSON schema. Existing sample versions unchanged."
LabOS Raw Data Table,tblnc9SsbXU0C0FWh,Test Date,fld4hqC9SIQ9ll8mp,fld4hqC9SIQ9ll8mp,yes,yes,dateTime,,write,OUT,run.testing_end_date,terminal,DECIDED,BASELINE,LabOS,Completion instant in UTC; absent at create. Corrections preserve original execution time.
LabOS Raw Data Table,tblnc9SsbXU0C0FWh,Test Result,fldAYKt62KMn9q7E6,fldAYKt62KMn9q7E6,yes,yes,singleSelect,Pending | Passed | Failed | Not Applicable | Inconclusive,write,OUT,run.test_result,create+terminal+verdict,DECIDED,BASELINE,LabOS,Pending at creation and termination; first review once to Passed/Failed/Inconclusive. Corrections create new rows.
LabOS Raw Data Table,tblnc9SsbXU0C0FWh,Test Status,fldQ7u9PGz7S8Ngdb,fldQ7u9PGz7S8Ngdb,yes,yes,singleSelect,Not Started | In Progress | Completed | Abborted,write,OUT,run.status,create+terminal,DECIDED,BASELINE,LabOS,Not Started / In Progress / Completed / Abborted. Their spelling of Aborted wins on the wire.
LabOS Raw Data Table,tblnc9SsbXU0C0FWh,Test Type,fldu6lraAAKIAXIRQ,fldu6lraAAKIAXIRQ,yes,yes,singleSelect,Static Load | Cycles | Impact | Forced Entry | ANSI Z97.1,write,OUT,run.test_type,create,DECIDED,BASELINE,LabOS,All five options live in both bases since 2026-09-05. Closes contract 10.17.
LabOS Raw Data Table,tblnc9SsbXU0C0FWh,Testing Continued,fldCjb00kloRr9pGj,fldCjb00kloRr9pGj,yes,yes,singleLineText,,write,OUT,run.testing_continued,terminal,DECIDED,BASELINE,LabOS,Continued / Stopped.
LabOS Raw Data Table,tblnc9SsbXU0C0FWh,Testing End Date,fldTsjf78Y5fA85fz,,yes,no,dateTime,,write,OUT,run.testing_end_date,terminal,DECIDED,APPLIED,LabOS,UTC completion/abort time; absent while running; also Test Date.
LabOS Raw Data Table,tblnc9SsbXU0C0FWh,Testing Start Date,fldYU1BtWVuWv5DBV,,yes,no,dateTime,,write,OUT,run.testing_start_date,create,DECIDED,APPLIED,LabOS,UTC physical execution start; corrections preserve original.
LabOS Raw Data Table,tblnc9SsbXU0C0FWh,Unit,fld05iOwDiDtXA7b5,fld05iOwDiDtXA7b5,yes,yes,singleLineText,,write,OUT,run.unit,terminal,DECIDED,BASELINE,LabOS,"Canonical outbound pressure PSF; length in/mm, time s, counts cycles/impacts. Explicit quantity/unit/source for manual measurements."
Mock-Ups/Specimens,tblcrGv0WJn6FTTGO,Height (Inches),fldw4wNgbNM4NP9dr,fldw4wNgbNM4NP9dr,yes,yes,number,,ignore,IGNORED,mirror.height_in,n/a,DECIDED,BASELINE,Airtable,"Specimen context, finite positive inches when provided; not an automatic acceptance criterion. LabOS executes standalone, so this is not read: the operator sets the test up in LabOS as today and no Airtable value reaches a rig. Field retained in both bases. Decision A9, 2026-09-06."
Mock-Ups/Specimens,tblcrGv0WJn6FTTGO,IFET Job Number,fldyj3e89pH6QH2Pp,fldyj3e89pH6QH2Pp,yes,yes,multipleRecordLinks,,ignore,,,,,,,
Mock-Ups/Specimens,tblcrGv0WJn6FTTGO,IFET job number (from IFET Job Number),fldIirOarIpvHw92Y,fldIirOarIpvHw92Y,yes,yes,multipleLookupValues,,ignore,,,,,,,
Mock-Ups/Specimens,tblcrGv0WJn6FTTGO,IFET job number (from IFET Job Number) 2,fldZqkvfxKwpJbwMl,fldZqkvfxKwpJbwMl,yes,yes,multipleLookupValues,,ignore,,,,,,,
Mock-Ups/Specimens,tblcrGv0WJn6FTTGO,Mock-up/specimen name,fldyprpxI76d6CIxo,fldyprpxI76d6CIxo,yes,yes,singleLineText,,read,IN,projects.airtable_mockup_name,n/a,DECIDED,BASELINE,Airtable,Display only.
Mock-Ups/Specimens,tblcrGv0WJn6FTTGO,Project Name,fldmqg3pC6l8osgph,fldmqg3pC6l8osgph,yes,yes,multipleRecordLinks,,read,IN,projects.airtable_project_id,n/a,DECIDED,BASELINE,Airtable,RELATIONSHIP specimen->project. Repeats by design - 6 specimens share 1 project.
Mock-Ups/Specimens,tblcrGv0WJn6FTTGO,Project name (from IFET Projects),fldXBEMsULBqNIkRZ,fldXBEMsULBqNIkRZ,yes,yes,multipleLookupValues,,ignore,,,,,,,
Mock-Ups/Specimens,tblcrGv0WJn6FTTGO,Reservations,fld0QsYC3mAFS3JQ6,fld0QsYC3mAFS3JQ6,yes,yes,multipleRecordLinks,,ignore,,,,,,,
Mock-Ups/Specimens,tblcrGv0WJn6FTTGO,Scheduled Test Date,fld4k1G1OqQER1VMI,fld4k1G1OqQER1VMI,yes,yes,multipleLookupValues,,ignore,,,,,,,
Mock-Ups/Specimens,tblcrGv0WJn6FTTGO,Service line,fldS9y6Bc5p5i088A,fldS9y6Bc5p5i088A,yes,yes,singleLineText,,ignore,,,,,,,
Mock-Ups/Specimens,tblcrGv0WJn6FTTGO,Specimen status,fldKhsUYTaQPKGtJL,fldKhsUYTaQPKGtJL,yes,yes,singleSelect,Pending | Received | In Testing | On Hold | Completed | Failed,ignore,IGNORED,mirror.specimen_status,n/a,DECIDED,BASELINE,Airtable,"Airtable-owned operational status. Read-only to LabOS. LabOS executes standalone, so this is not read: the operator sets the test up in LabOS as today and no Airtable value reaches a rig. Field retained in both bases. Decision A9, 2026-09-06."
Mock-Ups/Specimens,tblcrGv0WJn6FTTGO,Tests Protocols,fld1mVERdRpQ3XZch,fld1mVERdRpQ3XZch,yes,yes,multipleRecordLinks,,ignore,,,,,,,
Mock-Ups/Specimens,tblcrGv0WJn6FTTGO,Width (Inches),fldvm1NAoIGLrFbd0,fldvm1NAoIGLrFbd0,yes,yes,number,,ignore,IGNORED,mirror.width_in,n/a,DECIDED,BASELINE,Airtable,"Specimen context, finite positive inches when provided; not an automatic acceptance criterion. LabOS executes standalone, so this is not read: the operator sets the test up in LabOS as today and no Airtable value reaches a rig. Field retained in both bases. Decision A9, 2026-09-06."
Mock-Ups/Specimens,tblcrGv0WJn6FTTGO,record_id,,,no,no,-,,not-a-field,IN,projects.airtable_mockup_id,n/a,DECIDED,BASELINE,Airtable,"Airtable record metadata, not a schema field. Import/mirror identity is unique by base_id + record ID; display names never match identity."
Protocol Sections,tblqpvuJlSdkeS9PS,Applicability,fldh3VS09fonTLHsS,,yes,no,singleSelect,Required | Not Required | Unconfirmed,read,IN,mirror.applicability,n/a,DECIDED,APPLIED,Airtable,"Required/Not Required/Unconfirmed. Blank=Unconfirmed, never infer from Value or historical Result. Only Required is executable."
Protocol Sections,tblqpvuJlSdkeS9PS,Excel File Link,fldj1vr7RnBRUJWEX,fldj1vr7RnBRUJWEX,yes,yes,url,,ignore,,,,,,,
Protocol Sections,tblqpvuJlSdkeS9PS,IFET Job Number,fldfX6gGWvOLRDKWl,fldfX6gGWvOLRDKWl,yes,yes,multipleRecordLinks,,ignore,,,,,,,
Protocol Sections,tblqpvuJlSdkeS9PS,IFET job number (from IFET Job Number),fldinuC7cfvh0VQDA,fldinuC7cfvh0VQDA,yes,yes,multipleLookupValues,,ignore,,,,,,,
Protocol Sections,tblqpvuJlSdkeS9PS,Impact Locations,,,no,no,number,,ignore,IGNORED,mirror.impact_locations,n/a,DECIDED,OMITTED,Airtable,Impact requirements are entered in LabOS; not needed. DG7 closed by A9.
Protocol Sections,tblqpvuJlSdkeS9PS,Impact Velocity,,,no,no,number,,ignore,IGNORED,mirror.impact_velocity,n/a,DECIDED,OMITTED,Airtable,Impact requirements are entered in LabOS; not needed. DG7 closed by A9.
Protocol Sections,tblqpvuJlSdkeS9PS,LabOS Attempt ID,fldngWweJSr09a7Kv,fldngWweJSr09a7Kv,yes,yes,singleLineText,,ignore,,,,,,,
Protocol Sections,tblqpvuJlSdkeS9PS,LabOS Report Link,fld8Hn9rHfJzJ2icU,fld8Hn9rHfJzJ2icU,yes,yes,url,,ignore,,,,,,,
Protocol Sections,tblqpvuJlSdkeS9PS,LabOS Retest Required,fldhLLbcY0R6yquQd,fldhLLbcY0R6yquQd,yes,yes,checkbox,,ignore,,,,,,,
Protocol Sections,tblqpvuJlSdkeS9PS,Latest LabOS Attempt Number,flduSq3FOqFDRCHhw,flduSq3FOqFDRCHhw,yes,yes,singleLineText,,ignore,,,,,,,
Protocol Sections,tblqpvuJlSdkeS9PS,Missile Type,,,no,no,singleSelect,,ignore,IGNORED,mirror.missile_type,n/a,DECIDED,OMITTED,Airtable,Impact requirements are entered in LabOS; not needed. DG7 closed by A9.
Protocol Sections,tblqpvuJlSdkeS9PS,Missile Weight,,,no,no,number,,ignore,IGNORED,mirror.missile_weight,n/a,DECIDED,OMITTED,Airtable,Impact requirements are entered in LabOS; not needed. DG7 closed by A9.
Protocol Sections,tblqpvuJlSdkeS9PS,Mock-Up,fldPcxq0oUsXOO7oB,fldPcxq0oUsXOO7oB,yes,yes,multipleLookupValues,,ignore,,,,,,,
Protocol Sections,tblqpvuJlSdkeS9PS,Notes,fldLANILDFNozGRrq,fldLANILDFNozGRrq,yes,yes,multilineText,,ignore,,,,,,,
Protocol Sections,tblqpvuJlSdkeS9PS,Protocol Name (from Test Protocol),fldCrJvBmIWh4W7TR,fldCrJvBmIWh4W7TR,yes,yes,multipleLookupValues,,ignore,,,,,,,
Protocol Sections,tblqpvuJlSdkeS9PS,Required Option,fldflOxCkAK1BkU9l,,yes,no,singleLineText,,ignore,IGNORED,mirror.required_option,n/a,DECIDED,APPLIED,Airtable,"Explicit Enum value. Full is the initial supported static programme. Unknown options non-executable. LabOS executes standalone, so this is not read: the operator sets the test up in LabOS as today and no Airtable value reaches a rig. Field retained in both bases. Decision A9, 2026-09-06."
Protocol Sections,tblqpvuJlSdkeS9PS,Required Unit,fldTjNKeQe7oxxl33,,yes,no,singleSelect,PSF | in | s | cycles | impacts,ignore,IGNORED,mirror.required_unit,n/a,DECIDED,APPLIED,Airtable,"PSF/in/s/cycles/impacts; blank for unitless count, Enum or Not Applicable. Shape and code must agree. LabOS executes standalone, so this is not read: the operator sets the test up in LabOS as today and no Airtable value reaches a rig. Field retained in both bases. Decision A9, 2026-09-06."
Protocol Sections,tblqpvuJlSdkeS9PS,Required Value,fldpL2dyGzKj9xowY,,yes,no,number,,ignore,IGNORED,mirror.required_value,n/a,DECIDED,APPLIED,Airtable,"NEW FIELD. Magnitude and Count kinds. Blank is not zero. LabOS executes standalone, so this is not read: the operator sets the test up in LabOS as today and no Airtable value reaches a rig. Field retained in both bases. Decision A9, 2026-09-06."
Protocol Sections,tblqpvuJlSdkeS9PS,Required Value Inward,fld1wR9ojdmESax0m,,yes,no,number,,ignore,IGNORED,mirror.required_value_inward,n/a,DECIDED,APPLIED,Airtable,"Independent finite positive PSF magnitude; no legacy string parsing. Execution uses frozen independently verified values while extractor defect persists. LabOS executes standalone, so this is not read: the operator sets the test up in LabOS as today and no Airtable value reaches a rig. Field retained in both bases. Decision A9, 2026-09-06."
Protocol Sections,tblqpvuJlSdkeS9PS,Required Value Outward,fld7GLStvnPnYJPpd,,yes,no,number,,ignore,IGNORED,mirror.required_value_outward,n/a,DECIDED,APPLIED,Airtable,"Independent finite positive PSF magnitude; no legacy string parsing. Execution uses frozen independently verified values while extractor defect persists. LabOS executes standalone, so this is not read: the operator sets the test up in LabOS as today and no Airtable value reaches a rig. Field retained in both bases. Decision A9, 2026-09-06."
Protocol Sections,tblqpvuJlSdkeS9PS,Requirement Code,fld9Fzjj25ngrVIOB,,yes,no,singleSelect,STATIC_PRESSURE | CYCLIC_PRESSURE | IMPACT_LMI | IMPACT_SMI | FORCED_ENTRY | ANSI_IMPACT | GAUGE_COUNT | STATIC_PROGRAMME | WATER_PRESSURE,read,IN,mirror.requirement_code,n/a,DECIDED,APPLIED,Airtable,STATIC_PRESSURE/CYCLIC_PRESSURE/IMPACT_LMI/IMPACT_SMI/FORCED_ENTRY/ANSI_IMPACT/GAUGE_COUNT/STATIC_PROGRAMME/WATER_PRESSURE. Water visible but unsupported; names are labels.
Protocol Sections,tblqpvuJlSdkeS9PS,Requirement Kind,fldWGpL9gJh89wSK8,,yes,no,singleSelect,Magnitude | Directional Pair | Count | Enum | Not Applicable,ignore,IGNORED,mirror.requirement_kind,n/a,DECIDED,APPLIED,Airtable,"NEW FIELD. Magnitude / Directional Pair / Count / Enum / Not Applicable. Makes the row self-describing. LabOS executes standalone, so this is not read: the operator sets the test up in LabOS as today and no Airtable value reaches a rig. Field retained in both bases. Decision A9, 2026-09-06."
Protocol Sections,tblqpvuJlSdkeS9PS,Result,fld9AO8n6OosZ80mW,fld9AO8n6OosZ80mW,yes,yes,singleSelect,Passed | Failed | Pending | Not Applicable | Inconclusive,ignore,IGNORED,mirror.result,n/a,DECIDED,BASELINE,Airtable,"Airtable-owned read-only operational projection. Historical values are not inferred as LabOS verdicts. LabOS executes standalone, so this is not read: the operator sets the test up in LabOS as today and no Airtable value reaches a rig. Field retained in both bases. Decision A9, 2026-09-06."
Protocol Sections,tblqpvuJlSdkeS9PS,Section Name,fldN0th87JyevlzgU,fldN0th87JyevlzgU,yes,yes,singleLineText,,read,IN,mirror.section_name,n/a,DECIDED,BASELINE,Airtable,Display only. Requirement Code selects supported semantics; unknown codes remain non-executable.
Protocol Sections,tblqpvuJlSdkeS9PS,Status,fldeprjn5dCWBhT0G,fldeprjn5dCWBhT0G,yes,yes,singleSelect,Not Started | In Progress | Completed | Aborted,ignore,IGNORED,mirror.status,n/a,DECIDED,BASELINE,Airtable,"Airtable-owned. Read-only to LabOS. LabOS executes standalone, so this is not read: the operator sets the test up in LabOS as today and no Airtable value reaches a rig. Field retained in both bases. Decision A9, 2026-09-06."
Protocol Sections,tblqpvuJlSdkeS9PS,Test Protocol,fld3EtgBWkjqAXHGp,fld3EtgBWkjqAXHGp,yes,yes,multipleRecordLinks,,read,IN,mirror.protocol_record_id,n/a,DECIDED,BASELINE,Airtable,RELATIONSHIP section->protocol. Repeats by design.
Protocol Sections,tblqpvuJlSdkeS9PS,Testing Date,fldj3JimASOrUTrCu,fldj3JimASOrUTrCu,yes,yes,date,,ignore,IGNORED,mirror.testing_date,n/a,DECIDED,BASELINE,Airtable,"READ ONLY. Airtable automation derives completion date in America/New_York; LabOS never writes it. LabOS executes standalone, so this is not read: the operator sets the test up in LabOS as today and no Airtable value reaches a rig. Field retained in both bases. Decision A9, 2026-09-06."
Protocol Sections,tblqpvuJlSdkeS9PS,Value,fld1YDj3d2UilU7m6,fld1YDj3d2UilU7m6,yes,yes,singleLineText,,ignore,IGNORED,mirror.required_value_raw,n/a,DECIDED,BASELINE,Airtable,"Preserve display string verbatim. Never parse or best-effort convert into execution requirements. LabOS executes standalone, so this is not read: the operator sets the test up in LabOS as today and no Airtable value reaches a rig. Field retained in both bases. Decision A9, 2026-09-06."
Protocol Sections,tblqpvuJlSdkeS9PS,record_id,,,no,no,-,,not-a-field,IN,mirror.section_record_id,n/a,DECIDED,BASELINE,Airtable,"Airtable record metadata, not a schema field. Import/mirror identity is unique by base_id + record ID; display names never match identity."
Tests Protocols,tblutO1Q8TNC4BLk0,IFET Job Number,fldPJdoEbIJeHbOu8,fldPJdoEbIJeHbOu8,yes,yes,multipleRecordLinks,,ignore,,,,,,,
Tests Protocols,tblutO1Q8TNC4BLk0,IFET job number (from IFET Job Number),fldrc9ywdmheoiCqK,fldrc9ywdmheoiCqK,yes,yes,multipleLookupValues,,ignore,,,,,,,
Tests Protocols,tblutO1Q8TNC4BLk0,Mock-Up,fldSzN0fPvbWyOgPu,fldSzN0fPvbWyOgPu,yes,yes,multipleRecordLinks,,read,IN,mirror.mockup_record_id,n/a,DECIDED,BASELINE,Airtable,RELATIONSHIP protocol->specimen. Repeats by design.
Tests Protocols,tblutO1Q8TNC4BLk0,Mock-up/specimen name (from Mock-Up),fldAP0DzS2zmweb3j,fldAP0DzS2zmweb3j,yes,yes,multipleLookupValues,,ignore,,,,,,,
Tests Protocols,tblutO1Q8TNC4BLk0,Protocol Name,fldvf05KHbDSMjLrw,fldvf05KHbDSMjLrw,yes,yes,singleLineText,,read,IN,mirror.protocol_name,n/a,DECIDED,BASELINE,Airtable,TAS-201 / TAS-202 / TAS-203 / ANSI Z97.1 observed live. Does NOT determine test type - the section does.
Tests Protocols,tblutO1Q8TNC4BLk0,Protocol Result,fld8rkYR4giE8bPAF,fld8rkYR4giE8bPAF,yes,yes,singleSelect,Pending | Passed | Failed | Inconclusive,ignore,,,,,,,
Tests Protocols,tblutO1Q8TNC4BLk0,Protocol Sections,fldw0brNFYcSxEs1l,fldw0brNFYcSxEs1l,yes,yes,multipleRecordLinks,,ignore,,,,,,,
Tests Protocols,tblutO1Q8TNC4BLk0,Protocol Status,fldp0RHXHpPY8IOhv,fldp0RHXHpPY8IOhv,yes,yes,singleSelect,Not Started | In Progress | Completed | Aborted,ignore,,,,,,,
Tests Protocols,tblutO1Q8TNC4BLk0,record_id,,,no,no,-,,not-a-field,IN,mirror.protocol_record_id,n/a,DECIDED,BASELINE,Airtable,"Airtable record metadata, not a schema field. Import/mirror identity is unique by base_id + record ID; display names never match identity."
Wall Scheduling/Reservation,tblYjF1AApzmRDMrY,Available Capacity After This Reservation,fldwk4GHVc1E1zPIb,fldwk4GHVc1E1zPIb,yes,yes,number,,ignore,,,,,,,
Wall Scheduling/Reservation,tblYjF1AApzmRDMrY,Capacity Check Result,fldraitHCrWTKBGr5,fldraitHCrWTKBGr5,yes,yes,singleSelect,Pending Check | Capacity Available | Capacity Exceeded | Position Conflict | Future Position,ignore,,,,,,,
Wall Scheduling/Reservation,tblYjF1AApzmRDMrY,Conflict Warning,fldNB1OS7Wuha8NLf,fldNB1OS7Wuha8NLf,yes,yes,singleSelect,Clear | Conflict | Capacity Exceeded | Future Position | Invalid Date | Missing Wall Position | Position Count Mismatch | Not Checked,ignore,,,,,,,
Wall Scheduling/Reservation,tblYjF1AApzmRDMrY,Current Occupied Positions,fld7yYZz4JwCsmxY4,fld7yYZz4JwCsmxY4,yes,yes,count,,ignore,,,,,,,
Wall Scheduling/Reservation,tblYjF1AApzmRDMrY,End Date,fldbXwmiUyA8PUAgG,fldbXwmiUyA8PUAgG,yes,yes,date,,ignore,,,,,,,
Wall Scheduling/Reservation,tblYjF1AApzmRDMrY,IFET Job Number,fld0YyFODhnF5gmtY,fld0YyFODhnF5gmtY,yes,yes,multipleLookupValues,,ignore,,,,,,,
Wall Scheduling/Reservation,tblYjF1AApzmRDMrY,Mock-Up,fldNvwpbflPlembbT,fldNvwpbflPlembbT,yes,yes,multipleRecordLinks,,ignore,,,,,,,
Wall Scheduling/Reservation,tblYjF1AApzmRDMrY,Mock-up/specimen name (from Mock-Up),fldCPWi4kYd7NzYWJ,fldCPWi4kYd7NzYWJ,yes,yes,multipleLookupValues,,ignore,,,,,,,
Wall Scheduling/Reservation,tblYjF1AApzmRDMrY,Positions Assigned,fldIjN3nxF8B4bLJx,fldIjN3nxF8B4bLJx,yes,yes,count,,ignore,,,,,,,
Wall Scheduling/Reservation,tblYjF1AApzmRDMrY,Project,fldbO694B3yA4RIhy,fldbO694B3yA4RIhy,yes,yes,multipleLookupValues,,ignore,,,,,,,
Wall Scheduling/Reservation,tblYjF1AApzmRDMrY,Project Name,fldoNc8tXaa6KekoJ,fldoNc8tXaa6KekoJ,yes,yes,multipleRecordLinks,,ignore,,,,,,,
Wall Scheduling/Reservation,tblYjF1AApzmRDMrY,Reservation Checked At,fldQaYQuVpI6yMeBf,fldQaYQuVpI6yMeBf,yes,yes,dateTime,,ignore,,,,,,,
Wall Scheduling/Reservation,tblYjF1AApzmRDMrY,Reservation Checking,fldhscZboTjDswUGL,fldhscZboTjDswUGL,yes,yes,formula,,ignore,,,,,,,
Wall Scheduling/Reservation,tblYjF1AApzmRDMrY,Reservation Name,fldL38il8qUTtoMkL,fldL38il8qUTtoMkL,yes,yes,singleLineText,,ignore,,,,,,,
Wall Scheduling/Reservation,tblYjF1AApzmRDMrY,Reservation Status,fldm0l6xAKb5wUYWJ,fldm0l6xAKb5wUYWJ,yes,yes,singleSelect,Needs Scheduling | Waiting | Reserved | Occupied | Completed | Cancelled,ignore,,,,,,,
Wall Scheduling/Reservation,tblYjF1AApzmRDMrY,Scheduling Input Modified Time,fldVjLmsq5cj6N34x,fldVjLmsq5cj6N34x,yes,yes,lastModifiedTime,,ignore,,,,,,,
Wall Scheduling/Reservation,tblYjF1AApzmRDMrY,Start Date,fldH3ACJSgq3k3YCE,fldH3ACJSgq3k3YCE,yes,yes,date,,ignore,,,,,,,
Wall Scheduling/Reservation,tblYjF1AApzmRDMrY,Wall Position Name (from Wall Positions),fld5mIZ3QBilKLt1c,fld5mIZ3QBilKLt1c,yes,yes,multipleLookupValues,,ignore,,,,,,,
Wall Scheduling/Reservation,tblYjF1AApzmRDMrY,Wall Positions,fld5E3ivwMXqNpArs,fld5E3ivwMXqNpArs,yes,yes,multipleRecordLinks,,ignore,,,,,,,
Walls & Positions,tblVUvcSPAoneG26W,Current Project,fldCrTrHgrmhPdNdQ,fldCrTrHgrmhPdNdQ,yes,yes,multipleLookupValues,,ignore,,,,,,,
Walls & Positions,tblVUvcSPAoneG26W,Current Status,fldwZeJJ7B9sQOtSH,fldwZeJJ7B9sQOtSH,yes,yes,singleSelect,Available | Reserved | Occupied | Future,ignore,,,,,,,
Walls & Positions,tblVUvcSPAoneG26W,Expected Release Date,fldjZogVGQS0UKPmo,fldjZogVGQS0UKPmo,yes,yes,multipleLookupValues,,ignore,,,,,,,
Walls & Positions,tblVUvcSPAoneG26W,Expected Start Date,fldC6jpCTaezAhwY8,fldC6jpCTaezAhwY8,yes,yes,multipleLookupValues,,ignore,,,,,,,
Walls & Positions,tblVUvcSPAoneG26W,Position Name,fldOaxd9jFxjU3w3i,fldOaxd9jFxjU3w3i,yes,yes,singleLineText,,ignore,,,,,,,
Walls & Positions,tblVUvcSPAoneG26W,Wall Name,fldNUjjfUnfQlsAqp,fldNUjjfUnfQlsAqp,yes,yes,singleLineText,,ignore,,,,,,,
Walls & Positions,tblVUvcSPAoneG26W,Wall Position Name,fld4pZcBC8Ig1T5zu,fld4pZcBC8Ig1T5zu,yes,yes,formula,,ignore,,,,,,,
Walls & Positions,tblVUvcSPAoneG26W,Wall Scheduling/Reservation,fldaAoya2sxOCJIee,fldaAoya2sxOCJIee,yes,yes,multipleRecordLinks,,ignore,,,,,,,
