table_id,table_name,field_position,field_id,field_name,field_type,description,choices,linked_table_id,options_json
tblLYcRC7q6Srjfk3,IFET Projects,0,fldZa91p5KebdT6q2,IFET job number,singleLineText,Unique IFET job number used to identify and track the project across all systems.,,,
tblLYcRC7q6Srjfk3,IFET Projects,1,fldXOI9t0N8oP4FLy,Project name,singleLineText,Name of the customer project.,,,
tblLYcRC7q6Srjfk3,IFET Projects,2,fldYpIwi0DcgVAjSB,Project Status,singleSelect,"The Project Status will automatically change, do not adjust it manually.",Completed | Cancelled | In Progress | Pending,,"{""choices"": [{""color"": ""greenLight1"", ""id"": ""sellFLIBjx0WQSsHm"", ""name"": ""Completed""}, {""color"": ""orangeBright"", ""id"": ""selG4sWUPv6aTEm0q"", ""name"": ""Cancelled""}, {""color"": ""yellowLight1"", ""id"": ""sel817T8mopJSrr4j"", ""name"": ""In Progress""}, {""color"": ""grayLight1"", ""id"": ""sel1dAXY8cyNyP5k3"", ""name"": ""Pending""}]}"
tblLYcRC7q6Srjfk3,IFET Projects,3,fld1sTdXmRO5ZNTik,Report Status,singleSelect,"You have to change the report status to ""Ready"", ""In Progress"" or ""Pending""",Ready | In Progress | Pending,,"{""choices"": [{""color"": ""blueLight2"", ""id"": ""seljWTqR8jTUtsFuQ"", ""name"": ""Ready""}, {""color"": ""cyanLight2"", ""id"": ""selKN74Kx2hfkxPAO"", ""name"": ""In Progress""}, {""color"": ""greenLight2"", ""id"": ""seluV1DS3APOlSqiT"", ""name"": ""Pending""}]}"
tblLYcRC7q6Srjfk3,IFET Projects,4,fldf8Yk3YsLdO9FZc,Approve To Create Invoice,singleSelect,"Indicates whether the project is ready for final invoicing. Approval requires all Back Charges to be Approved, Project Status to be Completed, Report Status to be Ready, Final Invoice Status to be Not Created, and all required billing details to be available. Check “Reason For Not Approval For Invoice” for missing requirements.",Not Approved | Approved,,"{""choices"": [{""color"": ""blueLight2"", ""id"": ""selKJyt3jcxeMCQOZ"", ""name"": ""Not Approved""}, {""color"": ""cyanLight2"", ""id"": ""selwx7nc3VbrkUa2h"", ""name"": ""Approved""}]}"
tblLYcRC7q6Srjfk3,IFET Projects,5,fldyWaBcjIm9bBVeH,Reason For Not Approval For Invoice,formula,"Displays the specific reasons preventing invoice approval. When all requirements are satisfied, confirms that the project is ready for invoice approval.",,,"{""formula"": ""IF(\r\n    AND(\r\n        OR(\r\n            LEN(ARRAYJOIN({fldfgNcT03v4TZrNE}, \"",\"")) = 0,\r\n            SUBSTITUTE(\r\n                SUBSTITUTE(\r\n                    SUBSTITUTE(\r\n                        ARRAYJOIN({fldfgNcT03v4TZrNE}, \"",\""),\r\n                        \""Approved\"",\r\n                        \""\""\r\n                    ),\r\n                    \"",\"",\r\n                    \""\""\r\n                ),\r\n                \"" \"",\r\n                \""\""\r\n            ) = \""\""\r\n        ),\r\n\r\n        {fldYpIwi0DcgVAjSB} = \""Completed\"",\r\n\r\n        {fld1sTdXmRO5ZNTik} = \""Ready\"",\r\n\r\n        {fldGu1onl7NMJ4Ay2} = \""Not Created\"",\r\n\r\n        {fldBXKfp45g990C6n} != BLANK(),\r\n\r\n        LEN(TRIM({fld5T069KEywPp5F4} & \""\"")) > 0,\r\n\r\n        LEN(TRIM({fldJKbExQdoLlV13V} & \""\"")) > 0,\r\n\r\n        LEN(TRIM({fldR3PaaTo9BIjmSO} & \""\"")) > 0\r\n    ),\r\n\r\n    \""All good, you can Approved the invoice.\"",\r\n\r\n    TRIM(\r\n        IF(\r\n            AND(\r\n                {fldfgNcT03v4TZrNE},\r\n                SUBSTITUTE(\r\n                    SUBSTITUTE(\r\n                        SUBSTITUTE(\r\n                            ARRAYJOIN({fldfgNcT03v4TZrNE}, \"",\""),\r\n                            \""Approved\"",\r\n                            \""\""\r\n                        ),\r\n                        \"",\"",\r\n                        \""\""\r\n                    ),\r\n                    \"" \"",\r\n                    \""\""\r\n                ) != \""\""\r\n            ),\r\n            \""Please make sure to approve all the back charges of this project.\"" & \""\\n\"",\r\n            \""\""\r\n        ) &\r\n\r\n        IF(\r\n            {fldYpIwi0DcgVAjSB} != \""Completed\"",\r\n            \""Please wait for the project to complete.\"" & \""\\n\"",\r\n            \""\""\r\n        ) &\r\n\r\n        IF(\r\n            {fld1sTdXmRO5ZNTik} != \""Ready\"",\r\n            \""Please make sure that your report status is Ready.\"" & \""\\n\"",\r\n            \""\""\r\n        ) &\r\n\r\n        IF(\r\n            {fldGu1onl7NMJ4Ay2} != \""Not Created\"",\r\n            \""The final invoice has already been created or is not in Not Created status.\"" & \""\\n\"",\r\n            \""\""\r\n        ) &\r\n\r\n        IF(\r\n            {fldBXKfp45g990C6n} = BLANK(),\r\n            \""Please make sure the Approved Proposal Amount is available.\"" & \""\\n\"",\r\n            \""\""\r\n        ) &\r\n\r\n        IF(\r\n            LEN(TRIM({fld5T069KEywPp5F4} & \""\"")) = 0,\r\n            \""Please make sure the Customer Name is available.\"" & \""\\n\"",\r\n            \""\""\r\n        ) &\r\n\r\n        IF(\r\n            LEN(TRIM({fldJKbExQdoLlV13V} & \""\"")) = 0,\r\n            \""Please make sure the Contact email is available.\"" & \""\\n\"",\r\n            \""\""\r\n        ) &\r\n\r\n        IF(\r\n            LEN(TRIM({fldR3PaaTo9BIjmSO} & \""\"")) = 0,\r\n            \""Please make sure the Product Type is available.\"" & \""\\n\"",\r\n            \""\""\r\n        )\r\n    )\r\n)"", ""isValid"": true, ""referencedFieldIds"": [""fldfgNcT03v4TZrNE"", ""fldYpIwi0DcgVAjSB"", ""fld1sTdXmRO5ZNTik"", ""fldGu1onl7NMJ4Ay2"", ""fldBXKfp45g990C6n"", ""fld5T069KEywPp5F4"", ""fldJKbExQdoLlV13V"", ""fldR3PaaTo9BIjmSO""], ""result"": {""type"": ""singleLineText""}}"
tblLYcRC7q6Srjfk3,IFET Projects,6,fldGu1onl7NMJ4Ay2,Final Invoice Status,singleSelect,"Tracks the lifecycle of the final QuickBooks invoice, such as Not Created, Draft, Sent, Partially Paid, or Paid.",Not Created | Draft | Sent | Partially Paid | Paid,,"{""choices"": [{""color"": ""blueLight2"", ""id"": ""selIoxiOEnprtc7Z5"", ""name"": ""Not Created""}, {""color"": ""tealLight2"", ""id"": ""selCO6SPtMerZQuC7"", ""name"": ""Draft""}, {""color"": ""greenLight2"", ""id"": ""sel7Uzpmyjdk9yHAr"", ""name"": ""Sent""}, {""color"": ""cyanLight2"", ""id"": ""selnEb8bEeuqgqHdD"", ""name"": ""Partially Paid""}, {""color"": ""yellowLight2"", ""id"": ""selwbni454HsCAmTW"", ""name"": ""Paid""}]}"
tblLYcRC7q6Srjfk3,IFET Projects,7,fldfgNcT03v4TZrNE,Back Charges Status,multipleLookupValues,Displays the approval status of all linked back charges and is used to determine invoice eligibility.,,,"{""fieldIdInLinkedTable"": ""fldfndhdC4ofYXQPz"", ""isValid"": true, ""recordLinkFieldId"": ""fldHVvyKTR1AZA36C"", ""result"": {""options"": {""choices"": [{""color"": ""blueLight2"", ""id"": ""seleD0ZIxkMXHQTHi"", ""name"": ""Pending""}, {""color"": ""cyanLight2"", ""id"": ""sel43hBqoB2KVw6j3"", ""name"": ""Approved""}, {""color"": ""tealLight2"", ""id"": ""selKTQQ53TR7fnZpX"", ""name"": ""Rejected""}, {""color"": ""greenLight2"", ""id"": ""selIRP2ItvPUEz12w"", ""name"": ""Needs Info""}]}, ""type"": ""singleSelect""}}"
tblLYcRC7q6Srjfk3,IFET Projects,8,fldXifux2uAphjFTO,Hubspot Deal ID,singleLineText,,,,
tblLYcRC7q6Srjfk3,IFET Projects,9,fldNLM91Jg2fIST6C,Hubspot Deal Stage,singleLineText,,,,
tblLYcRC7q6Srjfk3,IFET Projects,10,fld5T069KEywPp5F4,Customer Name,singleLineText,Customer/contact name associated with the project and used for invoicing.,,,
tblLYcRC7q6Srjfk3,IFET Projects,11,fldHv1MxlLTBsYIE1,Company,singleLineText,Customer company associated with the project.,,,
tblLYcRC7q6Srjfk3,IFET Projects,12,fldJKbExQdoLlV13V,Contact email,email,Primary customer email address used for project communication and invoicing.,,,
tblLYcRC7q6Srjfk3,IFET Projects,13,fldYipGKCSMD6jiCR,Service line,singleLineText,,,,
tblLYcRC7q6Srjfk3,IFET Projects,14,fldSxZvcL0q2dsUZs,Proposal/Signed Approval Link,url,Link to the approved or signed proposal document associated with the HubSpot deal.,,,
tblLYcRC7q6Srjfk3,IFET Projects,15,fldowoytqlZdhuChX,Project Priority,singleLineText,"Indicates the priority level of the project from HubSpot, such as low, medium, or high.",,,
tblLYcRC7q6Srjfk3,IFET Projects,16,fldBnWcEQKLAJGxdC,Target Testing Date,multipleLookupValues,Planned or expected date when testing for the project should begin.,,,"{""fieldIdInLinkedTable"": ""fldH3ACJSgq3k3YCE"", ""isValid"": true, ""recordLinkFieldId"": ""fldaYynjl8ptNVzXS"", ""result"": {""options"": {""dateFormat"": {""format"": ""l"", ""name"": ""local""}}, ""type"": ""date""}}"
tblLYcRC7q6Srjfk3,IFET Projects,17,flduHyuVRhtMfJTTM,Target Completion Date,multipleLookupValues,Planned date by which the project and testing activities are expected to be completed.,,,"{""fieldIdInLinkedTable"": ""fldbXwmiUyA8PUAgG"", ""isValid"": true, ""recordLinkFieldId"": ""fldaYynjl8ptNVzXS"", ""result"": {""options"": {""dateFormat"": {""format"": ""l"", ""name"": ""local""}}, ""type"": ""date""}}"
tblLYcRC7q6Srjfk3,IFET Projects,18,fldba1J8C6ev5wmU8,Project Lead,singleLineText,IFET team member responsible for managing or leading the project.,,,
tblLYcRC7q6Srjfk3,IFET Projects,19,fldBXKfp45g990C6n,Approved Proposal Amount,currency,Final approved proposal amount received from HubSpot before additional back charges.,,,"{""precision"": 2, ""symbol"": ""$""}"
tblLYcRC7q6Srjfk3,IFET Projects,20,fld1YUsbCOwYAl3b7,Remaining Amount,formula,"Remaining proposal balance to be invoiced after the initial payment/deposit, excluding additional back charges.",,,"{""formula"": ""{fldBXKfp45g990C6n}/2"", ""isValid"": true, ""referencedFieldIds"": [""fldBXKfp45g990C6n""], ""result"": {""options"": {""precision"": 0}, ""type"": ""number""}}"
tblLYcRC7q6Srjfk3,IFET Projects,21,fldpiD7QoloFt3ziT,Back Charges Billable Amount,rollup,Total billable value of the project's linked back charges after markup calculations.,,,"{""fieldIdInLinkedTable"": ""fldilEtoCaxRkonpE"", ""isValid"": true, ""recordLinkFieldId"": ""fldHVvyKTR1AZA36C"", ""referencedFieldIds"": [], ""result"": {""options"": {""precision"": 2, ""symbol"": ""$""}, ""type"": ""currency""}}"
tblLYcRC7q6Srjfk3,IFET Projects,22,fld1Chl7INLTGs6Cj,Balance Due,currency,Balance will be calculated from QuickBooks Invoice,,,"{""precision"": 2, ""symbol"": ""$""}"
tblLYcRC7q6Srjfk3,IFET Projects,23,fldLCY5LrgaE48XZR,QuickBooks Invoice ID,singleLineText,QuickBooks generated Invoice ID will appear here.,,,
tblLYcRC7q6Srjfk3,IFET Projects,24,fldCY1r37TzUNlqxd,QuickBooks Invoice Number,singleLineText,QuickBooks generated Invoice Number will appear here.,,,
tblLYcRC7q6Srjfk3,IFET Projects,25,fldwxvUo1sfjbilui,QuickBooks Invoice Date,dateTime,QuickBooks generated date will appear here.,,,"{""dateFormat"": {""format"": ""l"", ""name"": ""local""}, ""timeFormat"": {""format"": ""HH:mm"", ""name"": ""24hour""}, ""timeZone"": ""client""}"
tblLYcRC7q6Srjfk3,IFET Projects,26,fldR3PaaTo9BIjmSO,Product Type,singleLineText,Product or service item associated with the project and used when preparing invoice line items.,,,
tblLYcRC7q6Srjfk3,IFET Projects,27,fld2bJ2UQUoWrlQSu,Project Status Modified Time,lastModifiedTime,,,,"{""isValid"": true, ""referencedFieldIds"": [""fldYpIwi0DcgVAjSB""], ""result"": {""options"": {""dateFormat"": {""format"": ""l"", ""name"": ""local""}, ""timeFormat"": {""format"": ""h:mma"", ""name"": ""12hour""}, ""timeZone"": ""client""}, ""type"": ""dateTime""}}"
tblLYcRC7q6Srjfk3,IFET Projects,28,fldL4kUzCrbtJeU56,Tests Protocols,multipleRecordLinks,,,tblutO1Q8TNC4BLk0,"{""inverseLinkFieldId"": ""fldPJdoEbIJeHbOu8"", ""isReversed"": false, ""linkedTableId"": ""tblutO1Q8TNC4BLk0"", ""prefersSingleRecordLink"": false}"
tblLYcRC7q6Srjfk3,IFET Projects,29,fldrrcKHQYOuKVPXc,Protocol Sections,multipleRecordLinks,,,tblqpvuJlSdkeS9PS,"{""inverseLinkFieldId"": ""fldfX6gGWvOLRDKWl"", ""isReversed"": false, ""linkedTableId"": ""tblqpvuJlSdkeS9PS"", ""prefersSingleRecordLink"": false}"
tblLYcRC7q6Srjfk3,IFET Projects,30,fldaYynjl8ptNVzXS,Wall Scheduling/Reservation,multipleRecordLinks,,,tblYjF1AApzmRDMrY,"{""inverseLinkFieldId"": ""fldoNc8tXaa6KekoJ"", ""isReversed"": false, ""linkedTableId"": ""tblYjF1AApzmRDMrY"", ""prefersSingleRecordLink"": false}"
tblLYcRC7q6Srjfk3,IFET Projects,31,fldnV9a0Z5AKKHYaa,Mock-Ups/Specimens 2,multipleRecordLinks,,,tblcrGv0WJn6FTTGO,"{""inverseLinkFieldId"": ""fldyj3e89pH6QH2Pp"", ""isReversed"": false, ""linkedTableId"": ""tblcrGv0WJn6FTTGO"", ""prefersSingleRecordLink"": false}"
tblLYcRC7q6Srjfk3,IFET Projects,32,flde9nEuoGsWTHm0G,Mock-Ups/Specimens 3,multipleRecordLinks,,,tblcrGv0WJn6FTTGO,"{""inverseLinkFieldId"": ""fldmqg3pC6l8osgph"", ""isReversed"": false, ""linkedTableId"": ""tblcrGv0WJn6FTTGO"", ""prefersSingleRecordLink"": false}"
tblLYcRC7q6Srjfk3,IFET Projects,33,fldHVvyKTR1AZA36C,Back Charges,multipleRecordLinks,,,tbl0f2YxS3FHJ1dTD,"{""inverseLinkFieldId"": ""fldcTkX1jo4kOyU0P"", ""isReversed"": false, ""linkedTableId"": ""tbl0f2YxS3FHJ1dTD"", ""prefersSingleRecordLink"": false}"
tblLYcRC7q6Srjfk3,IFET Projects,34,fldY2C1Q0Yk4VDtUg,Read Project Info For LabOS,singleLineText,,,,
tblcrGv0WJn6FTTGO,Mock-Ups/Specimens,0,fldyprpxI76d6CIxo,Mock-up/specimen name,singleLineText,,,,
tblcrGv0WJn6FTTGO,Mock-Ups/Specimens,1,fldyj3e89pH6QH2Pp,IFET Job Number,multipleRecordLinks,,,tblLYcRC7q6Srjfk3,"{""inverseLinkFieldId"": ""fldnV9a0Z5AKKHYaa"", ""isReversed"": false, ""linkedTableId"": ""tblLYcRC7q6Srjfk3"", ""prefersSingleRecordLink"": true}"
tblcrGv0WJn6FTTGO,Mock-Ups/Specimens,2,fldS9y6Bc5p5i088A,Service line,singleLineText,IFET service category associated with the specimen.,,,
tblcrGv0WJn6FTTGO,Mock-Ups/Specimens,3,fldw4wNgbNM4NP9dr,Height (Inches),number,Specimen height in inches as defined in the approved proposal.,,,"{""precision"": 2}"
tblcrGv0WJn6FTTGO,Mock-Ups/Specimens,4,fldvm1NAoIGLrFbd0,Width (Inches),number,Specimen width in inches as defined in the approved proposal.,,,"{""precision"": 1}"
tblcrGv0WJn6FTTGO,Mock-Ups/Specimens,5,fldKhsUYTaQPKGtJL,Specimen status,singleSelect,"Current lifecycle status of the specimen, from Pending through testing and completion.",Pending | Received | In Testing | On Hold | Completed | Failed,,"{""choices"": [{""color"": ""grayLight1"", ""id"": ""selRGzvxBXlR1xL3J"", ""name"": ""Pending""}, {""color"": ""cyanLight1"", ""id"": ""seliJRulb0lU8VFsM"", ""name"": ""Received""}, {""color"": ""yellowLight1"", ""id"": ""self2FfCIegPEyEoW"", ""name"": ""In Testing""}, {""color"": ""yellowLight2"", ""id"": ""selKBR52VCquov9Q7"", ""name"": ""On Hold""}, {""color"": ""greenLight1"", ""id"": ""selr256GvFKvOzH48"", ""name"": ""Completed""}, {""color"": ""orangeBright"", ""id"": ""selQz8Mht2FpC98Do"", ""name"": ""Failed""}]}"
tblcrGv0WJn6FTTGO,Mock-Ups/Specimens,6,fld4k1G1OqQER1VMI,Scheduled Test Date,multipleLookupValues,Scheduled testing date obtained from the specimen's reservation.,,,"{""fieldIdInLinkedTable"": ""fldH3ACJSgq3k3YCE"", ""isValid"": true, ""recordLinkFieldId"": ""fld0QsYC3mAFS3JQ6"", ""result"": {""options"": {""dateFormat"": {""format"": ""l"", ""name"": ""local""}}, ""type"": ""date""}}"
tblcrGv0WJn6FTTGO,Mock-Ups/Specimens,7,fld1mVERdRpQ3XZch,Tests Protocols,multipleRecordLinks,Test protocols required for this specimen.,,tblutO1Q8TNC4BLk0,"{""inverseLinkFieldId"": ""fldSzN0fPvbWyOgPu"", ""isReversed"": false, ""linkedTableId"": ""tblutO1Q8TNC4BLk0"", ""prefersSingleRecordLink"": false}"
tblcrGv0WJn6FTTGO,Mock-Ups/Specimens,8,fld0QsYC3mAFS3JQ6,Reservations,multipleRecordLinks,Wall reservation associated with this specimen.,,tblYjF1AApzmRDMrY,"{""inverseLinkFieldId"": ""fldNvwpbflPlembbT"", ""isReversed"": false, ""linkedTableId"": ""tblYjF1AApzmRDMrY"", ""prefersSingleRecordLink"": false}"
tblcrGv0WJn6FTTGO,Mock-Ups/Specimens,9,fldmqg3pC6l8osgph,Project Name,multipleRecordLinks,Links the specimen to its parent project.,,tblLYcRC7q6Srjfk3,"{""inverseLinkFieldId"": ""flde9nEuoGsWTHm0G"", ""isReversed"": false, ""linkedTableId"": ""tblLYcRC7q6Srjfk3"", ""prefersSingleRecordLink"": true}"
tblcrGv0WJn6FTTGO,Mock-Ups/Specimens,10,fldXBEMsULBqNIkRZ,Project name (from IFET Projects),multipleLookupValues,,,,"{""fieldIdInLinkedTable"": ""fldXOI9t0N8oP4FLy"", ""isValid"": true, ""recordLinkFieldId"": ""fldmqg3pC6l8osgph"", ""result"": {""type"": ""singleLineText""}}"
tblcrGv0WJn6FTTGO,Mock-Ups/Specimens,11,fldZqkvfxKwpJbwMl,IFET job number (from IFET Job Number) 2,multipleLookupValues,,,,"{""fieldIdInLinkedTable"": ""fldZa91p5KebdT6q2"", ""isValid"": true, ""recordLinkFieldId"": ""fldyj3e89pH6QH2Pp"", ""result"": {""type"": ""singleLineText""}}"
tblcrGv0WJn6FTTGO,Mock-Ups/Specimens,12,fldIirOarIpvHw92Y,IFET job number (from IFET Job Number),multipleLookupValues,,,,"{""fieldIdInLinkedTable"": ""fldZa91p5KebdT6q2"", ""isValid"": true, ""recordLinkFieldId"": ""fldyj3e89pH6QH2Pp"", ""result"": {""type"": ""singleLineText""}}"
tblutO1Q8TNC4BLk0,Tests Protocols,0,fldvf05KHbDSMjLrw,Protocol Name,singleLineText,Testing standard or protocol that must be performed.,,,
tblutO1Q8TNC4BLk0,Tests Protocols,1,fldPJdoEbIJeHbOu8,IFET Job Number,multipleRecordLinks,Project associated with this test protocol.,,tblLYcRC7q6Srjfk3,"{""inverseLinkFieldId"": ""fldL4kUzCrbtJeU56"", ""isReversed"": false, ""linkedTableId"": ""tblLYcRC7q6Srjfk3"", ""prefersSingleRecordLink"": true}"
tblutO1Q8TNC4BLk0,Tests Protocols,2,fldSzN0fPvbWyOgPu,Mock-Up,multipleRecordLinks,Mock-up/specimen on which this protocol is performed.,,tblcrGv0WJn6FTTGO,"{""inverseLinkFieldId"": ""fld1mVERdRpQ3XZch"", ""isReversed"": false, ""linkedTableId"": ""tblcrGv0WJn6FTTGO"", ""prefersSingleRecordLink"": true}"
tblutO1Q8TNC4BLk0,Tests Protocols,3,fldp0RHXHpPY8IOhv,Protocol Status,singleSelect,Current execution status of the protocol.,Not Started | In Progress | Completed | Aborted,,"{""choices"": [{""color"": ""grayLight1"", ""id"": ""selGn78JSHzqbx3vY"", ""name"": ""Not Started""}, {""color"": ""yellowLight1"", ""id"": ""sel20AfvlRKZcZDFx"", ""name"": ""In Progress""}, {""color"": ""greenLight1"", ""id"": ""seli0yNDsDGBV2k7R"", ""name"": ""Completed""}, {""color"": ""orangeBright"", ""id"": ""sel0PI2QO489NawH5"", ""name"": ""Aborted""}]}"
tblutO1Q8TNC4BLk0,Tests Protocols,4,fld8rkYR4giE8bPAF,Protocol Result,singleSelect,"Overall result of the protocol, such as Passed, Failed, Pending, or Inconclusive.",Pending | Passed | Failed | Inconclusive,,"{""choices"": [{""color"": ""yellowLight1"", ""id"": ""selNuTAfuifeUot1Q"", ""name"": ""Pending""}, {""color"": ""greenLight1"", ""id"": ""seljNXp2WSOfQWhF1"", ""name"": ""Passed""}, {""color"": ""orangeBright"", ""id"": ""selEOSiFhS0W5n1wv"", ""name"": ""Failed""}, {""color"": ""tealLight1"", ""id"": ""selVuk9E1cv4ESWNw"", ""name"": ""Inconclusive""}]}"
tblutO1Q8TNC4BLk0,Tests Protocols,5,fldw0brNFYcSxEs1l,Protocol Sections,multipleRecordLinks,Individual test sections that make up this protocol.,,tblqpvuJlSdkeS9PS,"{""inverseLinkFieldId"": ""fld3EtgBWkjqAXHGp"", ""isReversed"": false, ""linkedTableId"": ""tblqpvuJlSdkeS9PS"", ""prefersSingleRecordLink"": false}"
tblutO1Q8TNC4BLk0,Tests Protocols,6,fldrc9ywdmheoiCqK,IFET job number (from IFET Job Number),multipleLookupValues,,,,"{""fieldIdInLinkedTable"": ""fldZa91p5KebdT6q2"", ""isValid"": true, ""recordLinkFieldId"": ""fldPJdoEbIJeHbOu8"", ""result"": {""type"": ""singleLineText""}}"
tblutO1Q8TNC4BLk0,Tests Protocols,7,fldAP0DzS2zmweb3j,Mock-up/specimen name (from Mock-Up),multipleLookupValues,,,,"{""fieldIdInLinkedTable"": ""fldyprpxI76d6CIxo"", ""isValid"": true, ""recordLinkFieldId"": ""fldSzN0fPvbWyOgPu"", ""result"": {""type"": ""singleLineText""}}"
tblqpvuJlSdkeS9PS,Protocol Sections,0,fldN0th87JyevlzgU,Section Name,singleLineText,Individual testing requirement or section within the protocol.,,,
tblqpvuJlSdkeS9PS,Protocol Sections,1,fld1YDj3d2UilU7m6,Value,singleLineText,Required test value extracted from the approved proposal.,,,
tblqpvuJlSdkeS9PS,Protocol Sections,2,fldeprjn5dCWBhT0G,Status,singleSelect,Current execution status of this protocol section.,Not Started | In Progress | Completed | Aborted,,"{""choices"": [{""color"": ""blueLight2"", ""id"": ""selFb8QDg903BiDRR"", ""name"": ""Not Started""}, {""color"": ""yellowLight1"", ""id"": ""selGdFh5nuO47f37R"", ""name"": ""In Progress""}, {""color"": ""greenLight1"", ""id"": ""selwtfkq06bHMB6sy"", ""name"": ""Completed""}, {""color"": ""orangeBright"", ""id"": ""selvcGPeo7HXcelDk"", ""name"": ""Aborted""}]}"
tblqpvuJlSdkeS9PS,Protocol Sections,3,fld9AO8n6OosZ80mW,Result,singleSelect,Result of the individual protocol section.,Passed | Failed | Pending | Not Applicable | Inconclusive,,"{""choices"": [{""color"": ""greenLight1"", ""id"": ""selS43MhVIdi0Yy11"", ""name"": ""Passed""}, {""color"": ""orangeBright"", ""id"": ""selpRbNPyTQ3t2GY0"", ""name"": ""Failed""}, {""color"": ""yellowLight1"", ""id"": ""selEqVCvWxGUrrwU4"", ""name"": ""Pending""}, {""color"": ""orangeLight1"", ""id"": ""selWI0oUhsdQIxLPe"", ""name"": ""Not Applicable""}, {""color"": ""tealLight1"", ""id"": ""selFsAxitMIwyZNGz"", ""name"": ""Inconclusive""}]}"
tblqpvuJlSdkeS9PS,Protocol Sections,4,fldfX6gGWvOLRDKWl,IFET Job Number,multipleRecordLinks,,,tblLYcRC7q6Srjfk3,"{""inverseLinkFieldId"": ""fldrrcKHQYOuKVPXc"", ""isReversed"": false, ""linkedTableId"": ""tblLYcRC7q6Srjfk3"", ""prefersSingleRecordLink"": true}"
tblqpvuJlSdkeS9PS,Protocol Sections,5,fldinuC7cfvh0VQDA,IFET job number (from IFET Job Number),multipleLookupValues,,,,"{""fieldIdInLinkedTable"": ""fldZa91p5KebdT6q2"", ""isValid"": true, ""recordLinkFieldId"": ""fldfX6gGWvOLRDKWl"", ""result"": {""type"": ""singleLineText""}}"
tblqpvuJlSdkeS9PS,Protocol Sections,6,fldPcxq0oUsXOO7oB,Mock-Up,multipleLookupValues,,,,"{""fieldIdInLinkedTable"": ""fldSzN0fPvbWyOgPu"", ""isValid"": true, ""recordLinkFieldId"": ""fld3EtgBWkjqAXHGp"", ""result"": {""options"": {""isReversed"": false, ""prefersSingleRecordLink"": false}, ""type"": ""multipleRecordLinks""}}"
tblqpvuJlSdkeS9PS,Protocol Sections,7,fld3EtgBWkjqAXHGp,Test Protocol,multipleRecordLinks,Parent testing protocol associated with this section.,,tblutO1Q8TNC4BLk0,"{""inverseLinkFieldId"": ""fldw0brNFYcSxEs1l"", ""isReversed"": false, ""linkedTableId"": ""tblutO1Q8TNC4BLk0"", ""prefersSingleRecordLink"": true}"
tblqpvuJlSdkeS9PS,Protocol Sections,8,fldCrJvBmIWh4W7TR,Protocol Name (from Test Protocol),multipleLookupValues,,,,"{""fieldIdInLinkedTable"": ""fldvf05KHbDSMjLrw"", ""isValid"": true, ""recordLinkFieldId"": ""fld3EtgBWkjqAXHGp"", ""result"": {""type"": ""singleLineText""}}"
tblqpvuJlSdkeS9PS,Protocol Sections,9,flduSq3FOqFDRCHhw,Latest LabOS Attempt Number,singleLineText,Latest test-attempt number received from LabOS for this section.,,,
tblqpvuJlSdkeS9PS,Protocol Sections,10,fldngWweJSr09a7Kv,LabOS Attempt ID,singleLineText,Unique LabOS identifier for the latest testing attempt.,,,
tblqpvuJlSdkeS9PS,Protocol Sections,11,fldhLLbcY0R6yquQd,LabOS Retest Required,checkbox,Indicates whether LabOS has determined that this section requires another test.,,,"{""color"": ""greenBright"", ""icon"": ""check""}"
tblqpvuJlSdkeS9PS,Protocol Sections,12,fldj1vr7RnBRUJWEX,Excel File Link,url,Link to the testing Excel file received from LabOS.,,,
tblqpvuJlSdkeS9PS,Protocol Sections,13,fldLANILDFNozGRrq,Notes,multilineText,Testing notes or comments received from LabOS.,,,
tblqpvuJlSdkeS9PS,Protocol Sections,14,fldj3JimASOrUTrCu,Testing Date,date,Date on which this section was tested.,,,"{""dateFormat"": {""format"": ""l"", ""name"": ""local""}}"
tblqpvuJlSdkeS9PS,Protocol Sections,15,fld8Hn9rHfJzJ2icU,LabOS Report Link,url,Link to the LabOS testing/report document.,,,
tblVUvcSPAoneG26W,Walls & Positions,0,fld4pZcBC8Ig1T5zu,Wall Position Name,formula,Combined wall and position name used throughout reservations and scheduling.,,,"{""formula"": ""{fldNUjjfUnfQlsAqp} & \"" - \"" & {fldOaxd9jFxjU3w3i} &\r\nIF({fldwZeJJ7B9sQOtSH} = \""Future\"", \"" - Future \"", \""\"")"", ""isValid"": true, ""referencedFieldIds"": [""fldNUjjfUnfQlsAqp"", ""fldOaxd9jFxjU3w3i"", ""fldwZeJJ7B9sQOtSH""], ""result"": {""type"": ""singleLineText""}}"
tblVUvcSPAoneG26W,Walls & Positions,1,fldNUjjfUnfQlsAqp,Wall Name,singleLineText,Name or number of the physical testing wall.,,,
tblVUvcSPAoneG26W,Walls & Positions,2,fldOaxd9jFxjU3w3i,Position Name,singleLineText,Position or location available on the testing wall.,,,
tblVUvcSPAoneG26W,Walls & Positions,3,fldwZeJJ7B9sQOtSH,Current Status,singleSelect,"Current availability of the wall position, such as Available, Reserved, Occupied, or Future.",Available | Reserved | Occupied | Future,,"{""choices"": [{""color"": ""blueLight2"", ""id"": ""seligQi2P7PrwLCLR"", ""name"": ""Available""}, {""color"": ""cyanLight2"", ""id"": ""seljKAye4YVv80exO"", ""name"": ""Reserved""}, {""color"": ""tealLight2"", ""id"": ""selGTS3ZGco3PcHrO"", ""name"": ""Occupied""}, {""color"": ""greenLight2"", ""id"": ""selZYd15TZlXTflgP"", ""name"": ""Future""}]}"
tblVUvcSPAoneG26W,Walls & Positions,4,fldaAoya2sxOCJIee,Wall Scheduling/Reservation,multipleRecordLinks,,,tblYjF1AApzmRDMrY,"{""inverseLinkFieldId"": ""fld5E3ivwMXqNpArs"", ""isReversed"": false, ""linkedTableId"": ""tblYjF1AApzmRDMrY"", ""prefersSingleRecordLink"": false}"
tblVUvcSPAoneG26W,Walls & Positions,5,fldCrTrHgrmhPdNdQ,Current Project,multipleLookupValues,Project currently associated with this wall position.,,,"{""fieldIdInLinkedTable"": ""fldbO694B3yA4RIhy"", ""isValid"": true, ""recordLinkFieldId"": ""fldaAoya2sxOCJIee"", ""result"": {""type"": ""singleLineText""}}"
tblVUvcSPAoneG26W,Walls & Positions,6,fldC6jpCTaezAhwY8,Expected Start Date,multipleLookupValues,Expected date when the linked reservation begins using this position.,,,"{""fieldIdInLinkedTable"": ""fldH3ACJSgq3k3YCE"", ""isValid"": true, ""recordLinkFieldId"": ""fldaAoya2sxOCJIee"", ""result"": {""options"": {""dateFormat"": {""format"": ""l"", ""name"": ""local""}}, ""type"": ""date""}}"
tblVUvcSPAoneG26W,Walls & Positions,7,fldjZogVGQS0UKPmo,Expected Release Date,multipleLookupValues,Expected date when the position becomes available again.,,,"{""fieldIdInLinkedTable"": ""fldbXwmiUyA8PUAgG"", ""isValid"": true, ""recordLinkFieldId"": ""fldaAoya2sxOCJIee"", ""result"": {""options"": {""dateFormat"": {""format"": ""l"", ""name"": ""local""}}, ""type"": ""date""}}"
tblYjF1AApzmRDMrY,Wall Scheduling/Reservation,0,fldL38il8qUTtoMkL,Reservation Name,singleLineText,Unique name identifying the wall reservation.,,,
tblYjF1AApzmRDMrY,Wall Scheduling/Reservation,1,fld5E3ivwMXqNpArs,Wall Positions,multipleRecordLinks,Wall position or positions requested for the reservation.,,tblVUvcSPAoneG26W,"{""inverseLinkFieldId"": ""fldaAoya2sxOCJIee"", ""isReversed"": false, ""linkedTableId"": ""tblVUvcSPAoneG26W"", ""prefersSingleRecordLink"": false}"
tblYjF1AApzmRDMrY,Wall Scheduling/Reservation,2,fldbO694B3yA4RIhy,Project,multipleLookupValues,Project associated with the reservation.,,,"{""fieldIdInLinkedTable"": ""fldXOI9t0N8oP4FLy"", ""isValid"": true, ""recordLinkFieldId"": ""fldoNc8tXaa6KekoJ"", ""result"": {""type"": ""singleLineText""}}"
tblYjF1AApzmRDMrY,Wall Scheduling/Reservation,3,fldH3ACJSgq3k3YCE,Start Date,date,Planned reservation start date.,,,"{""dateFormat"": {""format"": ""l"", ""name"": ""local""}}"
tblYjF1AApzmRDMrY,Wall Scheduling/Reservation,4,fldbXwmiUyA8PUAgG,End Date,date,Planned reservation end/release date.,,,"{""dateFormat"": {""format"": ""l"", ""name"": ""local""}}"
tblYjF1AApzmRDMrY,Wall Scheduling/Reservation,5,fldhscZboTjDswUGL,Reservation Checking,formula,"Shows whether reservation validation is Not Checked, currently being checked, or completed.",,,"{""formula"": ""IF(\r\n  OR(\r\n    {fldIjN3nxF8B4bLJx} = 0,\r\n    NOT({fldH3ACJSgq3k3YCE}),\r\n    NOT({fldbXwmiUyA8PUAgG})\r\n  ),\r\n  \""\u26aa Not Checked\"",\r\n  IF(\r\n    OR(\r\n      NOT({fldQaYQuVpI6yMeBf}),\r\n      IS_AFTER(\r\n        {fldVjLmsq5cj6N34x},\r\n        {fldQaYQuVpI6yMeBf}\r\n      )\r\n    ),\r\n    \""\ud83d\udfe1 Checking Reservation . . .\"",\r\n    \""\ud83d\udfe2 Check Completed\""\r\n  )\r\n)"", ""isValid"": true, ""referencedFieldIds"": [""fldIjN3nxF8B4bLJx"", ""fldH3ACJSgq3k3YCE"", ""fldbXwmiUyA8PUAgG"", ""fldQaYQuVpI6yMeBf"", ""fldVjLmsq5cj6N34x""], ""result"": {""type"": ""singleLineText""}}"
tblYjF1AApzmRDMrY,Wall Scheduling/Reservation,6,fldm0l6xAKb5wUYWJ,Reservation Status,singleSelect,Current reservation lifecycle status. This is managed automatically according to reservation validation results.,Needs Scheduling | Waiting | Reserved | Occupied | Completed | Cancelled,,"{""choices"": [{""color"": ""grayLight1"", ""id"": ""selQisTVAUxpPMwSV"", ""name"": ""Needs Scheduling""}, {""color"": ""yellowLight1"", ""id"": ""selZYvBnY7fyrkWNk"", ""name"": ""Waiting""}, {""color"": ""blueLight1"", ""id"": ""selvEZ0ofjEBmc5Pe"", ""name"": ""Reserved""}, {""color"": ""cyanLight1"", ""id"": ""selpPKMluIH7cd8z2"", ""name"": ""Occupied""}, {""color"": ""greenLight1"", ""id"": ""selKg0Zo99DaUPqwQ"", ""name"": ""Completed""}, {""color"": ""redBright"", ""id"": ""selnzy3GAl6BE2Cf7"", ""name"": ""Cancelled""}]}"
tblYjF1AApzmRDMrY,Wall Scheduling/Reservation,7,fldNB1OS7Wuha8NLf,Conflict Warning,singleSelect,"Displays any scheduling, position, capacity, or date conflict found during reservation validation.",Clear | Conflict | Capacity Exceeded | Future Position | Invalid Date | Missing Wall Position | Position Count Mismatch | Not Checked,,"{""choices"": [{""color"": ""greenLight1"", ""id"": ""selb0kUMr380R0tJS"", ""name"": ""Clear""}, {""color"": ""orangeBright"", ""id"": ""selSktMCSlH6Td0TU"", ""name"": ""Conflict""}, {""color"": ""orangeLight1"", ""id"": ""selH0IbPFgwXhhQAN"", ""name"": ""Capacity Exceeded""}, {""color"": ""blueLight2"", ""id"": ""selwuL41vRbVlbZXn"", ""name"": ""Future Position""}, {""color"": ""orangeLight1"", ""id"": ""selTyoRy874bGVMsu"", ""name"": ""Invalid Date""}, {""color"": ""tealLight1"", ""id"": ""selzBaYe3EBw9R3uR"", ""name"": ""Missing Wall Position""}, {""color"": ""redLight2"", ""id"": ""sel9Wa4fWUL1BAEwQ"", ""name"": ""Position Count Mismatch""}, {""color"": ""grayLight1"", ""id"": ""selHCKljaPQaZHKLG"", ""name"": ""Not Checked""}]}"
tblYjF1AApzmRDMrY,Wall Scheduling/Reservation,8,fldraitHCrWTKBGr5,Capacity Check Result,singleSelect,Result of the wall-capacity validation.,Pending Check | Capacity Available | Capacity Exceeded | Position Conflict | Future Position,,"{""choices"": [{""color"": ""yellowLight1"", ""id"": ""sel6pSZQTqcDrn1Ah"", ""name"": ""Pending Check""}, {""color"": ""greenLight1"", ""id"": ""seldA39GTqPS1RFDW"", ""name"": ""Capacity Available""}, {""color"": ""orangeLight1"", ""id"": ""seleJsrozr0RDk4US"", ""name"": ""Capacity Exceeded""}, {""color"": ""orangeBright"", ""id"": ""seliBpNNTssZhE7YE"", ""name"": ""Position Conflict""}, {""color"": ""tealLight1"", ""id"": ""sel2cxtVkRHYoeThR"", ""name"": ""Future Position""}]}"
tblYjF1AApzmRDMrY,Wall Scheduling/Reservation,9,fldIjN3nxF8B4bLJx,Positions Assigned,count,Number of wall positions assigned to this reservation.,,,"{""isValid"": true, ""recordLinkFieldId"": ""fld5E3ivwMXqNpArs""}"
tblYjF1AApzmRDMrY,Wall Scheduling/Reservation,10,fld7yYZz4JwCsmxY4,Current Occupied Positions,count,Number of positions already occupied by other overlapping reservations,,,"{""isValid"": true, ""recordLinkFieldId"": ""fld5E3ivwMXqNpArs""}"
tblYjF1AApzmRDMrY,Wall Scheduling/Reservation,11,fldwk4GHVc1E1zPIb,Available Capacity After This Reservation,number,Remaining available wall capacity if this reservation is accepted.,,,"{""precision"": 0}"
tblYjF1AApzmRDMrY,Wall Scheduling/Reservation,12,fldNvwpbflPlembbT,Mock-Up,multipleRecordLinks,,,tblcrGv0WJn6FTTGO,"{""inverseLinkFieldId"": ""fld0QsYC3mAFS3JQ6"", ""isReversed"": false, ""linkedTableId"": ""tblcrGv0WJn6FTTGO"", ""prefersSingleRecordLink"": true}"
tblYjF1AApzmRDMrY,Wall Scheduling/Reservation,13,fldVjLmsq5cj6N34x,Scheduling Input Modified Time,lastModifiedTime,,,,"{""isValid"": true, ""referencedFieldIds"": [""fld5E3ivwMXqNpArs"", ""fldH3ACJSgq3k3YCE"", ""fldbXwmiUyA8PUAgG""], ""result"": {""options"": {""dateFormat"": {""format"": ""l"", ""name"": ""local""}, ""timeFormat"": {""format"": ""h:mma"", ""name"": ""12hour""}, ""timeZone"": ""client""}, ""type"": ""dateTime""}}"
tblYjF1AApzmRDMrY,Wall Scheduling/Reservation,14,fldQaYQuVpI6yMeBf,Reservation Checked At,dateTime,,,,"{""dateFormat"": {""format"": ""l"", ""name"": ""local""}, ""timeFormat"": {""format"": ""HH:mm"", ""name"": ""24hour""}, ""timeZone"": ""client""}"
tblYjF1AApzmRDMrY,Wall Scheduling/Reservation,15,fld0YyFODhnF5gmtY,IFET Job Number,multipleLookupValues,,,,"{""fieldIdInLinkedTable"": ""fldZa91p5KebdT6q2"", ""isValid"": true, ""recordLinkFieldId"": ""fldoNc8tXaa6KekoJ"", ""result"": {""type"": ""singleLineText""}}"
tblYjF1AApzmRDMrY,Wall Scheduling/Reservation,16,fld5mIZ3QBilKLt1c,Wall Position Name (from Wall Positions),multipleLookupValues,,,,"{""fieldIdInLinkedTable"": ""fld4pZcBC8Ig1T5zu"", ""isValid"": true, ""recordLinkFieldId"": ""fld5E3ivwMXqNpArs"", ""result"": {""type"": ""singleLineText""}}"
tblYjF1AApzmRDMrY,Wall Scheduling/Reservation,17,fldCPWi4kYd7NzYWJ,Mock-up/specimen name (from Mock-Up),multipleLookupValues,,,,"{""fieldIdInLinkedTable"": ""fldyprpxI76d6CIxo"", ""isValid"": true, ""recordLinkFieldId"": ""fldNvwpbflPlembbT"", ""result"": {""type"": ""singleLineText""}}"
tblYjF1AApzmRDMrY,Wall Scheduling/Reservation,18,fldoNc8tXaa6KekoJ,Project Name,multipleRecordLinks,,,tblLYcRC7q6Srjfk3,"{""inverseLinkFieldId"": ""fldaYynjl8ptNVzXS"", ""isReversed"": false, ""linkedTableId"": ""tblLYcRC7q6Srjfk3"", ""prefersSingleRecordLink"": true}"
tbl0f2YxS3FHJ1dTD,Back Charges,0,fldE3z03ghSFNjXzO,Back Charge Name,formula,"Concatenates the IFET job number lookup (as string) and Charge Type, separated by a pipe.",,,"{""formula"": ""{fldcTkX1jo4kOyU0P} & \"" - \"" & {fldjXiyArEKsYJBju}"", ""isValid"": true, ""referencedFieldIds"": [""fldcTkX1jo4kOyU0P"", ""fldjXiyArEKsYJBju""], ""result"": {""type"": ""singleLineText""}}"
tbl0f2YxS3FHJ1dTD,Back Charges,1,fldcTkX1jo4kOyU0P,IFET Job Number,multipleRecordLinks,Project to which the back charge belongs.,,tblLYcRC7q6Srjfk3,"{""inverseLinkFieldId"": ""fldHVvyKTR1AZA36C"", ""isReversed"": false, ""linkedTableId"": ""tblLYcRC7q6Srjfk3"", ""prefersSingleRecordLink"": true}"
tbl0f2YxS3FHJ1dTD,Back Charges,2,fldjXiyArEKsYJBju,Charge Type,singleSelect,"Category of additional charge, such as Materials, Equipment Rental, Delivery, Labor, Retest, Storage, or Other.",Materials | Equipment Rental | Delivery | Labor | Retest | Storage | Other,,"{""choices"": [{""color"": ""blueLight2"", ""id"": ""selHMXtaxddEmHa36"", ""name"": ""Materials""}, {""color"": ""cyanLight2"", ""id"": ""selw8pP0KaYxZCbXf"", ""name"": ""Equipment Rental""}, {""color"": ""tealLight2"", ""id"": ""selBGJkZe7AgG4iRZ"", ""name"": ""Delivery""}, {""color"": ""greenLight2"", ""id"": ""selDDaEQMl47ebf7D"", ""name"": ""Labor""}, {""color"": ""yellowLight2"", ""id"": ""sel7TkV0usMWFRI6d"", ""name"": ""Retest""}, {""color"": ""orangeLight2"", ""id"": ""selXosUJ3QMajFtoJ"", ""name"": ""Storage""}, {""color"": ""redLight2"", ""id"": ""selylPyNQzk5i80OK"", ""name"": ""Other""}]}"
tbl0f2YxS3FHJ1dTD,Back Charges,3,fldfndhdC4ofYXQPz,Approval Status,singleSelect,Approval status of the back charge. Only approved charges can be included in the final invoice.,Pending | Approved | Rejected | Needs Info,,"{""choices"": [{""color"": ""blueLight2"", ""id"": ""seleD0ZIxkMXHQTHi"", ""name"": ""Pending""}, {""color"": ""cyanLight2"", ""id"": ""sel43hBqoB2KVw6j3"", ""name"": ""Approved""}, {""color"": ""tealLight2"", ""id"": ""selKTQQ53TR7fnZpX"", ""name"": ""Rejected""}, {""color"": ""greenLight2"", ""id"": ""selIRP2ItvPUEz12w"", ""name"": ""Needs Info""}]}"
tbl0f2YxS3FHJ1dTD,Back Charges,4,fldlI36CjI7knVABZ,Description,multilineText,Details explaining the additional charge.,,,
tbl0f2YxS3FHJ1dTD,Back Charges,5,fld62eDADnlh3evUX,Vendor,singleLineText,Vendor or supplier associated with the expense.,,,
tbl0f2YxS3FHJ1dTD,Back Charges,6,fldLa3GEhUqHeQJJH,Date Incurred,date,Date when the additional cost was incurred.,,,"{""dateFormat"": {""format"": ""l"", ""name"": ""local""}}"
tbl0f2YxS3FHJ1dTD,Back Charges,7,fldvFuWbhl4oJazCk,Internal Cost,currency,Actual internal cost paid or incurred by IFET.,,,"{""precision"": 2, ""symbol"": ""$""}"
tbl0f2YxS3FHJ1dTD,Back Charges,8,fldHVsz04mW0tRnWP,Markup %,percent,Markup percentage applied to the internal cost.,,,"{""precision"": 0}"
tbl0f2YxS3FHJ1dTD,Back Charges,9,fldilEtoCaxRkonpE,Billable Amount,formula,Final customer-billable amount calculated from internal cost and markup.,,,"{""formula"": ""{fldvFuWbhl4oJazCk} * (1 + ({fldHVsz04mW0tRnWP}))"", ""isValid"": true, ""referencedFieldIds"": [""fldvFuWbhl4oJazCk"", ""fldHVsz04mW0tRnWP""], ""result"": {""options"": {""precision"": 0}, ""type"": ""number""}}"
tbl0f2YxS3FHJ1dTD,Back Charges,10,fldODHRjWytwEQXv3,Receipt / Vendor Invoice,url,Link to the supporting vendor receipt or invoice.,,,
tbl0f2YxS3FHJ1dTD,Back Charges,11,fldz8k7GsgoakBlnh,Approved By,singleLineText,Name of the person who approved the back charge.,,,
tbl0f2YxS3FHJ1dTD,Back Charges,12,fldiLBGNgNhIMxrSh,QuickBooks Invoice Number,multipleLookupValues,Final QuickBooks invoice containing this back charge.,,,"{""fieldIdInLinkedTable"": ""fldCY1r37TzUNlqxd"", ""isValid"": true, ""recordLinkFieldId"": ""fldcTkX1jo4kOyU0P"", ""result"": {""type"": ""singleLineText""}}"
tblnc9SsbXU0C0FWh,LabOS Raw Data Table,0,fldDu6er95KG2pOrG,LabOS Attempt ID,singleLineText,,,,
tblnc9SsbXU0C0FWh,LabOS Raw Data Table,1,fldQWGjD0gQ4WwPbh,LabOS Test ID,singleLineText,,,,
tblnc9SsbXU0C0FWh,LabOS Raw Data Table,2,fldyQpMOaSdWzO7xR,Attempt Number,number,,,,"{""precision"": 0}"
tblnc9SsbXU0C0FWh,LabOS Raw Data Table,3,fldB8gHb2a5guxm7g,Schema Version,singleLineText,,,,
tblnc9SsbXU0C0FWh,LabOS Raw Data Table,4,fldgIIL715TrhyvKE,Airtable Project ID,singleLineText,,,,
tblnc9SsbXU0C0FWh,LabOS Raw Data Table,5,fldV0IzvUSnmlVKC3,Airtable Mockup ID,singleLineText,,,,
tblnc9SsbXU0C0FWh,LabOS Raw Data Table,6,fldVPHPXqlPGnBUSB,Airtable Protocol ID,singleLineText,,,,
tblnc9SsbXU0C0FWh,LabOS Raw Data Table,7,fld0dex9BWVQzgRLS,Airtable Section ID,singleLineText,,,,
tblnc9SsbXU0C0FWh,LabOS Raw Data Table,8,fldu6lraAAKIAXIRQ,Test Type,singleSelect,,Static Load | Cycles | Impact | Forced Entry | ANSI Z97.1,,"{""choices"": [{""color"": ""blueLight2"", ""id"": ""selmQnxPWVh8MErT4"", ""name"": ""Static Load""}, {""color"": ""cyanLight2"", ""id"": ""sely3Pk9zHvUutuyc"", ""name"": ""Cycles""}, {""color"": ""tealLight2"", ""id"": ""sel5Q00D9PLj2CXeS"", ""name"": ""Impact""}, {""color"": ""greenLight2"", ""id"": ""seltzXQuaxqy7Y4HC"", ""name"": ""Forced Entry""}, {""color"": ""yellowLight2"", ""id"": ""selvAiYSE8ybrFHxw"", ""name"": ""ANSI Z97.1""}]}"
tblnc9SsbXU0C0FWh,LabOS Raw Data Table,9,fldQ7u9PGz7S8Ngdb,Test Status,singleSelect,,Not Started | In Progress | Completed | Abborted,,"{""choices"": [{""color"": ""cyanLight2"", ""id"": ""selkeJwim3weriF1B"", ""name"": ""Not Started""}, {""color"": ""tealLight2"", ""id"": ""sel7NTD89eghJsp4r"", ""name"": ""In Progress""}, {""color"": ""blueLight2"", ""id"": ""selo6wJSVeav00GFJ"", ""name"": ""Completed""}, {""color"": ""greenLight2"", ""id"": ""selUhoRJwAThsdC8w"", ""name"": ""Abborted""}]}"
tblnc9SsbXU0C0FWh,LabOS Raw Data Table,10,fldAYKt62KMn9q7E6,Test Result,singleSelect,,Pending | Passed | Failed | Not Applicable | Inconclusive,,"{""choices"": [{""color"": ""tealLight2"", ""id"": ""selDDbti4PjVMGvEX"", ""name"": ""Pending""}, {""color"": ""blueLight2"", ""id"": ""sel2Ho0nEz8MnQZQe"", ""name"": ""Passed""}, {""color"": ""cyanLight2"", ""id"": ""selvAnEJlU0GrgKu8"", ""name"": ""Failed""}, {""color"": ""greenLight2"", ""id"": ""sel3jnSZwGc2PC7AY"", ""name"": ""Not Applicable""}, {""color"": ""yellowLight2"", ""id"": ""selNbhiIjBxlbhopX"", ""name"": ""Inconclusive""}]}"
tblnc9SsbXU0C0FWh,LabOS Raw Data Table,11,fld4hqC9SIQ9ll8mp,Test Date,dateTime,,,,"{""dateFormat"": {""format"": ""l"", ""name"": ""local""}, ""timeFormat"": {""format"": ""HH:mm"", ""name"": ""24hour""}, ""timeZone"": ""client""}"
tblnc9SsbXU0C0FWh,LabOS Raw Data Table,12,fldNHIHKq4xPvYhzX,Operator Name,singleLineText,,,,
tblnc9SsbXU0C0FWh,LabOS Raw Data Table,13,fldBDTojy4Qk3LssD,Retest Required,checkbox,,,,"{""color"": ""greenBright"", ""icon"": ""check""}"
tblnc9SsbXU0C0FWh,LabOS Raw Data Table,14,fldCjb00kloRr9pGj,Testing Continued,singleLineText,,,,
tblnc9SsbXU0C0FWh,LabOS Raw Data Table,15,fld0kER3p3ogmmP2L,Measured Value,number,,,,"{""precision"": 1}"
tblnc9SsbXU0C0FWh,LabOS Raw Data Table,16,fld05iOwDiDtXA7b5,Unit,singleLineText,,,,
tblnc9SsbXU0C0FWh,LabOS Raw Data Table,17,fldDZkfaE2T4bFZ8C,Max Pressure Achieved,number,,,,"{""precision"": 1}"
tblnc9SsbXU0C0FWh,LabOS Raw Data Table,18,fldg21XOFDAKWvUZx,Deflection Value,number,,,,"{""precision"": 1}"
tblnc9SsbXU0C0FWh,LabOS Raw Data Table,19,fldvZMcxhm9R9Lzg7,Deflection Unit,singleLineText,,,,
tblnc9SsbXU0C0FWh,LabOS Raw Data Table,20,fldrrmBxxwfIOrXEa,Correction Reason,multilineText,,,,
tblnc9SsbXU0C0FWh,LabOS Raw Data Table,21,flda24C2M2tWyXEdb,Impact Result,singleLineText,,,,
tblnc9SsbXU0C0FWh,LabOS Raw Data Table,22,fldeG1iA6TVWOSi0T,Complete LabOS JSON Response,multilineText,,,,
tblnc9SsbXU0C0FWh,LabOS Raw Data Table,23,fldH5IvnQ0rL1xQRm,Notes,multilineText,,,,
tblnc9SsbXU0C0FWh,LabOS Raw Data Table,24,fld01SK9bnkTd9s29,Photos,url,,,,
tblnc9SsbXU0C0FWh,LabOS Raw Data Table,25,fldQAF1pExVQ9Xe6O,Excel File Link,url,,,,
tblnc9SsbXU0C0FWh,LabOS Raw Data Table,26,fldfewhrzgMnmAmU3,LabOS Report Link,url,,,,
tblnc9SsbXU0C0FWh,LabOS Raw Data Table,27,fldJYqMAdKP7v0zCU,LabOS Created At,dateTime,,,,"{""dateFormat"": {""format"": ""l"", ""name"": ""local""}, ""timeFormat"": {""format"": ""HH:mm"", ""name"": ""24hour""}, ""timeZone"": ""client""}"
tblnc9SsbXU0C0FWh,LabOS Raw Data Table,28,fldmqwik5SKFHRVqd,LabOS Updated At,dateTime,,,,"{""dateFormat"": {""format"": ""l"", ""name"": ""local""}, ""timeFormat"": {""format"": ""HH:mm"", ""name"": ""24hour""}, ""timeZone"": ""client""}"
tblnc9SsbXU0C0FWh,LabOS Raw Data Table,29,fldKxp708fktN57aH,Raw Modified Time,lastModifiedTime,,,,"{""isValid"": true, ""referencedFieldIds"": [""fldQ7u9PGz7S8Ngdb""], ""result"": {""options"": {""dateFormat"": {""format"": ""l"", ""name"": ""local""}, ""timeFormat"": {""format"": ""h:mma"", ""name"": ""12hour""}, ""timeZone"": ""client""}, ""type"": ""dateTime""}}"
